ID,SPREAD,H,MAT,SAG,BIL,COL,MAS,DUN,REC,LV
1,34,1,7,31,28,17,38,14,0,24
2,29,-1,34,29,10,41,26,18,33.33333,13.5
3,10,-1,-16,-23,-33,5,-12,-25,8.33333,-10.5
4,-11,1,2,-8,-8,-7,-2,-4,0,3
5,35,-1,35,35,38,25,25,28,25,5
6,-2,1,29,36,17,25,20,11,33.33333,11.5
7,11,1,35,39,28,40,30,34,41.66667,10
8,20,1,29,13,12,37,13,26,25,7.5
9,7,1,40,41,-7,45,36,43,66.66667,11.5
10,20,-1,61,37,36,80,51,35,75,11
11,7,-1,64,84,78,43,85,96,35,24
12,35,-1,52,51,32,44,52,59,50,16.5
13,36,1,89,73,73,85,76,73,75,22
14,3,1,22,29,50,56,38,26,75,5.5
15,-3,1,21,17,16,31,25,32,33.33333,13.5
16,20,1,59,65,55,87,72,63,100,19.5
17,18,1,-10,1,-21,-14,12,-15,-33.33333,3
18,5,1,16,14,38,37,13,33,30,8
19,6,1,58,70,60,32,68,58,33.33333,25.5
20,49,1,72,71,32,38,45,50,0,22
21,3,1,31,44,33,40,35,44,-10,6
22,23,1,37,55,41,40,55,41,41.66667,13
23,2,1,-12,2,-2,10,8,-3,41.66667,2.5
24,22,-1,5,22,25,22,25,4,16.66667,0
25,3,-1,4,4,8,11,16,26,16.66667,3.5
26,7,-1,24,6,-1,9,8,12,33.33333,-5.5
27,27,-1,78,63,64,58,78,76,75,24
28,-9,-1,5,-2,-26,-6,-24,-5,0,-3.5
29,31,1,24,44,40,36,37,14,25,14
30,18,-1,56,61,61,39,66,63,66.66667,21.5
31,17,1,45,36,42,77,44,45,50,17.5
32,-31,-1,28,19,12,-16,12,45,-25,4
33,17,1,12,55,14,11,23,5,-33.33333,7
34,31,-1,-62,-58,-49,-63,-52,-53,-60,-14.5
35,21,1,31,15,-13,37,18,18,33.33333,7
36,-5,-1,41,40,37,52,49,33,50,8
37,17,1,36,50,35,37,46,29,25,25.5
38,-3,1,39,35,24,21,19,19,16.66667,6.5
39,12,1,47,10,39,76,21,43,100,19.5
40,36,1,85,83,62,53,79,73,41.66667,33.5
41,17,1,-23,5,-17,-13,1,-27,-25,-2.5
42,1,-1,6,-4,5,-11,1,14,-25,3
43,13,1,6,23,-2,42,17,-3,13.33333,10
44,15,-1,18,19,34,-32,11,27,-33.33333,10.5
45,6,-1,64,65,59,60,65,75,66.66667,14.5
46,17,1,10,12,20,-3,34,24,0,13
47,-2,-1,11,11,10,-4,7,20,0,6
48,17,-1,13,16,-13,5,3,-7,-13.33333,-4.5
49,14,1,-12,-6,-7,-22,-4,-7,0,-1
50,19,1,5,4,11,16,3,1,0,-1.5
51,22,-1,9,6,10,20,4,25,25,7
52,41,1,70,72,77,54,79,81,50,33
53,-3,-1,41,48,22,23,28,46,20,23
54,10,1,9,32,-5,-4,2,29,-20,8.5
55,28,-1,60,64,76,64,58,68,40,17.5
56,41,-1,69,78,70,83,70,71,100,13.5
57,28,-1,48,42,54,51,52,62,50,21.5
58,21,-1,31,17,22,56,31,23,55,3.5
59,3,-1,19,18,13,28,1,5,20,-8.5
60,-6,1,8,7,-4,5,2,2,0,4
61,4,-1,40,47,52,15,51,66,30,16.5
62,14,1,9,4,3,-5,13,17,-20,11
63,32,-1,54,52,40,78,54,39,41.66667,3.5
64,3,-1,46,65,67,66,47,62,60,8
65,16,-1,63,53,73,69,64,52,50,7.5
66,14,1,23,28,25,19,28,46,20,20
67,22,1,11,15,-12,12,2,-8,0,13.5
68,-3,-1,61,56,56,76,47,60,60,9
69,-19,-1,34,48,28,13,39,47,0,14.5
70,4,-1,54,60,53,49,52,64,60,14
71,-3,1,45,47,31,43,34,27,25,11
72,31,1,-16,-8,-14,-37,-13,2,-55,2
73,-3,-1,37,46,-3,9,13,44,-15,8
74,6,1,24,34,-2,14,26,47,-10,8.5
75,20,-1,77,89,59,73,75,74,55,25
76,6,-1,25,34,51,24,27,45,25,2.5
77,-8,1,2,3,-23,-6,-16,-10,0,-3.5
78,59,1,9,9,-23,7,-3,-9,10,7
79,-3,-1,5,6,-6,9,-13,1,8.33333,-5
80,-9,-1,18,18,-8,20,-13,-12,20,-7.5
81,31,1,40,38,27,53,39,8,15,12.5
82,10,1,14,-19,-5,-10,15,25,-15,12
83,35,1,2,29,6,-13,-2,8,-35,7
84,3,-1,25,38,13,25,32,16,25,9
85,7,-1,33,38,26,26,26,37,40,8.5
86,23,-1,41,36,32,3,37,55,15,13.5
87,3,1,14,-2,3,16,18,2,20,9
88,19,1,22,31,2,-20,19,32,0,17.5
89,-3,-1,69,68,68,94,42,45,100,14
90,-26,-1,26,24,45,69,34,12,43.33333,9.5
91,8,-1,57,48,33,77,49,62,80,7
92,12,-1,-57,-44,-70,-28,-59,-38,0,-24
93,14,-1,2,-12,-12,27,3,-1,10,-7.5
94,-6,-1,-31,-27,-42,-36,-41,-12,-50,-12.5
95,-10,-1,42,42,32,40,24,38,20,10.5
96,28,1,-11,6,4,-9,-9,11,-20,4.5
97,19,1,53,48,51,56,39,56,60,7
98,11,1,45,42,58,50,47,50,35,14.5
99,25,1,11,21,27,7,9,12,5,12
100,21,-1,10,10,-1,-2,8,12,-20,9.5
101,7,1,11,20,2,18,15,16,33.33333,13
102,-31,1,5,-6,-15,39,-7,-40,50,-7.5
103,-6,-1,5,5,2,-2,-1,-4,20,-4
104,10,1,32,37,43,43,42,21,40,26
105,-34,-1,-8,-8,-5,1,-3,-4,0,-11
106,-7,1,5,5,15,15,12,7,25,7.5
107,11,-1,21,9,36,31,23,8,25,2
108,16,1,74,76,76,57,78,86,60,35.5
109,7,1,21,23,11,29,13,17,26.19048,5.5
110,42,1,89,91,85,107,89,81,100,25.5
111,42,-1,22,25,36,28,27,44,40,3
112,42,1,50,51,53,40,68,68,31.42857,18
113,-5,1,47,62,57,58,48,63,50,16
114,14,1,71,69,66,65,74,74,63.33333,22
115,36,-1,10,9,14,9,40,27,10,13
116,39,1,79,90,72,84,79,78,100,30.5
117,32,1,67,63,61,82,69,47,63.33333,16.5
118,-7,1,-8,15,-24,-32,-8,-6,-43.33333,10
119,3,1,45,65,32,40,45,43,30,16.5
120,30,1,22,40,6,17,21,20,20,12
121,15,1,71,75,33,64,53,57,26.66667,22.5
122,10,1,33,25,26,28,11,9,8.33333,4
123,-11,-1,11,8,-4,-9,1,26,-6.66667,0
124,35,-1,6,5,-15,-4,-1,14,-22.85714,-6
125,38,1,56,65,33,66,52,31,46.66667,11
126,7,1,49,35,71,52,48,47,23.33333,12.5
127,21,1,53,54,56,56,56,57,40,23.5
128,14,1,56,62,56,62,44,42,46.66667,8
129,-10,-1,-11,-17,-16,-4,-20,-21,-6.66667,-12
130,21,-1,41,29,6,38,26,42,40,7.5
131,14,1,23,29,12,38,18,21,40,9.5
132,35,1,61,64,38,73,48,55,46.66667,17.5
133,28,1,18,16,32,10,47,41,-3.33333,11
134,5,-1,30,21,14,30,26,20,33.33333,4.5
135,-4,-1,80,88,86,75,83,89,80,23.5
136,-17,-1,37,28,17,25,9,21,-20,-3.5
137,-9,-1,39,30,34,55,43,31,55,2.5
138,3,-1,-58,-44,-33,-64,-35,4,-80,-10.5
139,2,-1,9,-3,-8,3,8,-10,0,-4.5
140,21,1,9,25,-14,-26,5,16,-16.66667,11.5
141,12,-1,26,6,9,55,18,-24,46.66667,-6.5
142,32,1,42,59,51,22,59,92,30,31.5
143,18,1,17,14,35,46,25,3,30,13
144,3,1,45,36,51,66,46,37,63.33333,14
145,1,-1,47,53,27,57,49,48,60,10
146,8,1,-33,-36,-43,-53,-44,-37,-33.33333,-5
147,4,-1,-25,-21,-23,-18,-13,-4,0,0
148,7,1,4,10,-15,-4,-1,-10,4.7619,9
149,22,1,15,25,19,3,11,11,16.66667,12
150,45,1,4,6,3,-6,2,9,-3.33333,6.5
151,12,-1,-3,-4,-9,-8,-7,-2,-33.33333,-3
152,6,1,-2,-3,-13,15,-2,-9,16.66667,0
153,17,-1,-17,-13,-17,-7,-14,-9,16.66667,-11.5
154,42,1,62,58,44,62,59,66,66.66667,34
155,10,1,-1,2,-1,1,-1,4,0,4.5
156,14,1,6,19,-2,3,11,14,0,19
157,3,-1,43,51,59,61,60,58,42.85714,9.5
158,19,-1,50,53,57,47,53,55,35.71429,21.5
159,7,-1,-4,-4,-6,-8,-7,1,-14.28571,-2
160,7,1,7,8,7,6,10,5,-5.71429,7.5
161,-21,-1,18,8,18,31,8,3,33.33333,-8
162,10,1,-5,-3,-7,-5,-6,-2,-20,-7.5
163,-11,1,-2,3,15,-14,-1,9,-16.66667,9.5
164,6,-1,26,15,35,30,28,28,16.66667,6
165,8,-1,-20,-19,-22,-21,-23,-18,-25,-18
166,-4,-1,48,52,68,55,45,21,19.04762,6
167,34,1,15,29,15,7,22,22,0,21
168,2,-1,25,21,36,35,14,-9,16.66667,-3.5
169,44,-1,23,30,30,15,33,62,16.66667,12
170,38,-1,76,82,57,84,76,59,71.42857,14
171,-2,-1,32,24,16,41,36,15,46.66667,6.5
172,15,-1,53,23,46,24,29,25,19.04762,3.5
173,7,-1,4,30,-4,-13,17,42,-14.28571,6.5
174,3,1,-2,-12,10,-1,3,-8,2.38095,6.5
175,25,1,-20,-22,-22,-42,-24,-19,-35.71429,-1
176,4,1,9,21,8,14,19,-14,21.42857,3.5
177,17,1,43,41,31,52,52,38,54.7619,16.5
178,24,1,18,14,-9,13,9,17,7.14286,7
179,-2,-1,40,44,17,46,34,24,40.47619,2.5
180,42,1,49,42,66,56,40,32,40.47619,22
181,1,1,75,82,64,82,71,72,83.33333,28
182,9,1,21,34,34,25,43,36,33.33333,17.5
183,14,-1,-4,4,-6,11,4,-11,10,-4
184,5,1,22,30,14,27,28,26,13.33333,5.5
185,7,-1,15,21,32,28,23,27,16.66667,7
186,26,-1,-7,-9,6,-23,-12,14,-16.66667,-1.5
187,3,1,-25,-8,-34,-39,-12,-16,-35.71429,4
188,44,1,39,44,49,56,45,50,60,20.5
189,14,1,16,3,4,16,7,-3,14.28571,4.5
190,4,1,18,15,20,32,10,2,28.57143,8
191,-3,-1,35,44,35,48,46,68,40.47619,6
192,19,1,-18,-9,-54,-38,-20,-27,-33.33333,2.5
193,9,-1,34,27,24,24,20,33,9.52381,8.5
194,3,-1,-15,5,-12,-28,-8,-15,-14.28571,1
195,21,-1,14,13,22,8,14,45,0,9
196,10,-1,1,-7,-3,8,-2,-24,26.19048,-12
197,5,-1,27,23,5,19,20,23,0,10
198,26,1,12,13,10,10,8,11,-8.57143,10.5
199,36,1,9,10,-4,5,14,9,0,7.5
200,14,-1,14,9,11,13,11,23,16.66667,7.5
201,-4,-1,4,6,-1,-1,3,2,-2.38095,-3
202,5,1,5,2,10,-16,7,6,11.90476,8
203,-3,-1,2,-8,3,-20,1,1,-16.66667,4
204,38,1,95,101,81,85,100,101,71.42857,42
205,44,-1,71,75,75,81,70,76,71.42857,29
206,58,1,72,79,73,84,78,71,57.14286,35
207,14,1,37,40,49,39,39,39,32.14286,13.5
208,39,-1,62,76,73,59,75,80,58.92857,32
209,18,1,31,36,39,39,42,25,30.35714,11
210,10,-1,42,40,37,50,35,19,40.47619,7.5
211,58,1,109,110,106,112,112,106,73.21429,41
212,25,-1,2,3,-3,-1,3,4,2.38095,-2
213,33,1,63,64,78,49,71,60,30.35714,23.5
214,-14,-1,13,17,2,10,19,30,-2.38095,1
215,6,1,-5,-5,-2,-6,-4,-6,1.78571,-3.5
216,14,-1,-10,-8,23,6,-5,-8,14.28571,-4.5
217,-2,-1,32,25,29,38,25,25,19.04762,6
218,28,1,21,30,36,9,15,14,0,15
219,14,-1,25,26,11,6,23,35,0,8
220,-31,-1,66,72,61,74,73,69,57.14286,18.5
221,39,-1,-2,-6,-22,-24,-11,-9,-28.57143,6.5
222,12,1,-9,-6,-23,-24,-9,14,-30.35714,5
223,22,1,44,50,40,40,46,30,50,14.5
224,3,-1,13,12,19,14,21,3,14.28571,2.5
225,45,-1,72,72,69,95,71,53,65.27778,11.5
226,3,1,14,15,-5,-3,10,18,-5.35714,6.5
227,2,-1,-7,-10,2,-20,-11,-13,-28.57143,-6
228,-7,-1,20,21,3,11,13,12,-8.92857,-4
229,21,-1,46,45,44,56,48,35,35.71429,13
230,24,-1,62,62,54,68,60,63,57.14286,17
231,24,1,43,46,32,46,41,44,42.85714,12.5
232,-6,-1,23,27,-7,31,20,28,12.69841,0
233,28,-1,26,33,12,46,28,14,33.92857,1
234,-3,1,-5,-3,11,-12,2,-11,-3.57143,4
235,-6,-1,8,4,27,4,3,6,5.35714,1
236,18,1,9,7,21,-13,7,5,-33.33333,2
237,35,1,-32,-30,-26,-45,-25,-11,-40.47619,-3
238,4,-1,12,1,-16,4,7,11,5.35714,-3
239,7,-1,28,29,6,-14,37,59,0,3
240,14,-1,10,9,31,21,19,18,37.5,3
241,39,1,24,28,15,40,28,29,62.5,11.5
242,48,1,43,42,44,47,36,24,46.42857,23
243,40,1,6,17,1,15,19,42,25,17
244,5,-1,29,30,9,31,26,30,17.85714,2.5
245,17,1,44,50,31,47,46,39,28.57143,26
246,3,1,-9,-4,15,-5,-3,-10,2.38095,7.5
247,23,1,44,43,25,37,41,42,21.42857,23.5
248,10,1,28,25,39,29,30,18,28.57143,13
249,73,1,29,32,51,20,41,35,0,18.5
250,2,-1,-2,-8,-10,-3,-14,-4,-8.92857,-8.5
251,4,1,11,11,12,49,10,10,14.28571,11.5
252,-21,-1,-1,-5,-2,8,-6,4,19.04762,2
253,-44,-1,16,21,18,2,17,27,1.78571,17
254,-4,-1,-3,6,-1,10,-2,-1,14.28571,-14
255,11,-1,31,38,29,32,28,29,25,20
256,10,1,27,21,35,41,31,19,50,13.5
257,37,-1,17,16,14,8,19,23,9.72222,11.5
258,13,-1,29,24,20,27,29,38,15.27778,4.5
259,59,1,67,74,70,72,71,75,63.88889,34.5
260,1,-1,3,3,10,14,6,9,13.88889,-2.5
261,21,1,85,77,65,78,77,63,35.71429,24
262,21,1,18,25,32,19,22,28,11.11111,17
263,5,1,34,37,23,45,40,14,44.64286,10
264,17,1,33,26,18,25,25,21,26.38889,7
265,14,-1,54,62,42,61,53,55,26.98413,7
266,12,-1,31,37,36,46,42,40,38.88889,2.5
267,16,1,21,33,39,2,36,54,-15.27778,17
268,21,1,55,56,49,71,57,32,37.5,15.5
269,11,1,49,57,31,60,54,49,40.27778,14.5
270,25,-1,80,75,72,79,67,58,49.20635,16.5
271,-7,1,9,11,15,-7,16,36,-3.57143,7
272,-6,1,27,32,29,24,32,36,12.5,18.5
273,35,-1,60,68,57,54,65,68,50,23.5
274,-25,-1,46,43,46,64,44,37,50,3.5
275,19,-1,58,50,59,59,58,54,37.5,6
276,7,-1,81,78,87,91,84,89,75,23.5
277,26,1,-12,-8,-17,-21,-1,-3,-8.92857,6
278,24,1,96,91,86,98,92,75,88.88889,30.5
279,41,-1,45,57,38,43,55,52,44.44444,13
280,7,1,44,28,61,43,34,12,6.94444,6
281,7,1,32,40,5,20,36,40,8.92857,11
282,-1,1,35,41,30,35,39,49,5.55556,13
283,6,-1,11,13,12,2,16,10,9.72222,3
284,-7,1,8,1,-18,6,-4,14,19.44444,4
285,-1,-1,56,49,40,55,55,63,41.66667,14
286,43,-1,20,20,-6,19,14,21,0,1.5
287,14,1,66,70,23,71,63,52,52.77778,17.5
288,17,-1,51,44,39,64,46,39,50,5.5
289,6,1,25,25,48,28,27,28,35.71429,11.5
290,-9,1,24,23,16,47,27,16,42.85714,7
291,42,-1,40,39,56,21,39,61,12.5,21.5
292,7,1,10,17,-3,-4,8,25,-18.05556,8.5
293,23,-1,64,63,64,71,62,55,37.5,14
294,2,-1,19,26,18,-3,34,40,0,7.5
295,-21,-1,9,-6,-2,14,-1,-20,0,-6
296,10,1,10,12,14,17,13,1,16.66667,4.5
297,27,1,52,53,37,76,62,38,54.16667,18.5
298,32,-1,30,32,29,37,27,21,37.5,10
299,17,1,10,17,6,-1,13,23,12.5,15
300,13,-1,-4,5,4,-29,8,8,-5.55556,-5.5
301,26,-1,1,1,-2,5,-2,-3,-12.5,-1
302,25,1,12,16,7,19,14,15,0,10.5
303,7,-1,29,28,23,9,25,30,3.57143,14
304,-19,-1,13,9,3,8,14,11,0,-4
305,11,1,17,13,10,4,14,22,8.33333,19.5
306,14,-1,9,10,8,7,8,-1,20,0
307,5,1,14,14,4,-3,13,13,0,13
308,-7,1,11,7,20,7,9,7,2.77778,15.5
309,59,1,15,15,11,10,14,7,20,21
310,24,1,24,13,14,17,15,13,22.22222,17
311,3,-1,76,76,68,85,76,65,65.27778,18.5
312,17,-1,12,12,23,23,14,6,23.33333,7.5
313,12,-1,13,20,19,31,20,3,22.22222,1.5
314,4,-1,28,22,21,23,23,7,23.33333,3.5
315,7,1,83,91,78,86,89,83,75,23.5
316,-12,-1,12,15,7,11,15,34,12.22222,2
317,3,-1,27,32,25,34,32,35,27.77778,4.5
318,47,-1,82,76,71,76,67,51,57.77778,19.5
319,20,-1,3,1,5,-5,-4,-12,-12.5,-1
320,14,-1,39,31,24,47,41,45,37.77778,17.5
321,-27,-1,23,28,33,28,24,18,16.66667,3.5
322,5,1,15,17,8,20,11,23,14.44444,5.5
323,33,1,31,36,9,-4,25,48,-22.22222,20.5
324,3,1,9,8,42,11,9,13,22.22222,6.5
325,5,-1,29,20,34,28,22,4,23.33333,-1.5
326,3,1,46,47,55,64,52,58,41.66667,8
327,24,-1,-29,-23,-41,-44,-32,-9,-33.33333,-2.5
328,35,1,71,87,54,77,80,68,50,27.5
329,31,-1,67,74,66,65,80,90,44.44444,30
330,24,1,71,76,68,96,88,59,77.77778,24.5
331,42,-1,26,31,36,29,18,25,33.33333,9.5
332,1,1,-9,-12,-1,-28,-23,-4,-3.33333,9
333,5,-1,14,15,12,11,10,27,11.11111,8
334,18,1,47,45,24,44,39,19,22.22222,12
335,1,-1,7,6,-10,24,14,10,22.22222,-5.5
336,50,1,39,42,49,43,44,30,26.66667,17
337,18,1,66,66,56,60,61,71,37.5,27.5
338,21,1,64,61,76,77,61,63,65.27778,34
339,-10,-1,2,3,-4,-6,5,21,0,-3.5
340,14,1,-5,-5,-6,7,-3,-3,0,3
341,7,-1,6,1,8,5,-2,3,-5.55556,-3
342,53,1,23,35,30,34,25,37,29.87013,18
343,16,-1,2,12,-8,-7,3,21,0,7
344,24,1,46,41,38,55,35,31,47.77778,29
345,10,1,55,46,43,71,52,36,47.77778,24
346,4,1,25,21,10,9,23,20,11.11111,11.5
347,22,-1,27,40,47,42,40,43,55.55556,15.5
348,24,-1,-9,-4,-17,-17,-4,10,-25.55556,-2.5
349,32,1,21,22,32,28,21,28,22.22222,16
350,-3,1,30,29,22,12,32,46,11.11111,17.5
351,3,1,20,29,26,24,24,26,11.11111,17.5
352,23,-1,20,21,21,28,22,27,33.33333,3
353,10,-1,13,14,1,17,16,10,13.88889,8.5
354,27,-1,9,14,8,10,15,7,-7.77778,5
355,22,1,-5,-2,13,-3,3,7,-2.22222,7.5
356,3,-1,20,13,6,18,15,17,6.66667,7.5
357,9,-1,-8,-5,-4,-11,-4,-4,-11.11111,-5.5
358,58,1,10,16,9,9,17,20,20,26
359,-26,-1,12,12,14,14,9,15,20,9
360,14,-1,20,27,23,18,22,34,20,14.5
361,38,1,87,87,80,96,86,84,66.66667,25
362,-3,1,59,60,77,85,70,61,60.90909,27
363,6,1,60,60,59,71,62,71,50,19
364,4,1,41,45,40,50,36,21,33.33333,7.5
365,3,1,5,3,-4,-5,6,14,-3.33333,9.5
366,-6,1,30,25,19,33,28,16,20,8.5
367,11,1,11,18,12,15,12,8,2.72727,3.5
368,19,1,83,80,67,77,72,57,51.81818,28
369,14,-1,11,8,2,12,13,18,-3.33333,-2.5
370,21,1,44,44,27,26,39,51,5.55556,20.5
371,-15,-1,73,66,61,61,74,54,46.46465,8
372,3,1,-12,-7,5,-12,-10,-26,0,-5
373,20,1,60,65,78,66,63,82,50,24
374,22,1,25,24,15,31,21,29,20,11
375,-8,-1,27,34,53,54,41,29,44.44444,3
376,35,1,1,6,-21,-11,8,-15,-18.88889,-3
377,16,1,48,53,57,56,48,54,33.63636,26.5
378,-5,1,-7,-4,4,-2,-3,-40,11.11111,2.5
379,-6,-1,23,14,21,45,12,-1,33.33333,-3
380,6,-1,17,19,26,17,26,26,14.44444,4.5
381,12,-1,53,59,52,63,57,43,50,18
382,-11,-1,34,28,28,35,32,20,15.45455,3
383,3,1,11,19,43,-7,15,25,-10,10.5
384,-7,1,1,8,3,4,11,-10,-2.5,2.5
385,-4,-1,28,28,16,38,27,24,13.63636,4.5
386,13,-1,-14,-17,-2,-8,-8,-21,-4.44444,-7.5
387,21,1,14,9,-10,20,25,13,25.55556,7.5
388,31,1,32,43,25,34,41,62,20,27.5
389,53,1,23,23,27,9,25,31,4.54545,10.5
390,-17,-1,37,34,38,51,38,25,39.39394,5.5
391,2,-1,1,-1,-8,7,3,-5,5.55556,-3.5
392,13,1,17,12,16,19,15,7,0,4.5
393,-4,1,14,21,18,12,15,14,10,10
394,49,1,22,16,39,17,21,21,10,18.5
395,3,1,24,28,25,17,30,27,10,16.5
396,10,-1,20,18,9,4,8,27,-20,12
397,17,-1,13,11,3,15,12,11,0,4.5
398,2,-1,26,27,15,25,25,18,20,14
399,-2,1,4,6,3,-2,4,8,0,17.5
400,2,0,-4,-4,-6,-1,-3,-3,-9.09091,-7.5
401,3,1,38,38,26,51,39,18,40,10.5
402,27,-1,88,89,90,88,88,71,52.72727,19.5
403,13,1,12,11,4,-2,8,39,0,7
404,49,1,75,70,49,78,70,54,43.33333,22.5
405,28,1,95,91,92,94,97,97,70,32.5
406,11,1,10,19,7,12,15,19,-3.63636,10.5
407,10,1,38,45,36,46,48,32,20,10.5
408,3,-1,53,57,60,64,61,38,70,5
409,13,1,19,8,14,3,4,13,-16.66667,6.5
410,9,1,60,65,53,49,58,65,14.54545,24
411,-5,-1,30,34,3,22,46,33,10.90909,3
412,-1,-1,60,61,20,60,56,54,24.54545,16.5
413,11,1,45,49,44,56,50,36,40,16
414,6,-1,-6,-12,-24,-27,-9,3,-20,-2.5
415,48,1,12,6,30,11,13,12,10,7.5
416,-6,-1,42,39,16,47,47,50,13.63636,5.5
417,28,1,55,61,68,58,53,56,50,27
418,18,1,15,9,15,8,16,24,-10,7
419,11,1,31,36,47,26,38,32,20,6.5
420,2,1,10,13,20,10,12,-1,10,5
421,32,1,33,30,49,36,38,43,40,26
422,9,1,5,11,3,9,5,-2,20,1.5
423,-11,0,15,19,16,16,16,12,18.18182,6.5
424,-27,-1,40,45,49,30,51,30,27.27273,3
425,-2,1,17,25,-17,7,24,36,10,10
426,23,0,1,2,1,1,1,4,8.33333,8.5
427,33,0,11,9,-2,2,6,13,-9.09091,15.5
428,-22,0,1,2,-1,-2,3,6,-7.57576,3
429,4,0,13,21,5,6,14,28,10.60606,13
430,28,0,9,9,15,14,8,8,10.60606,3.5
431,7,0,23,28,13,15,23,23,19.69697,13
432,-13,0,3,6,8,7,6,-10,15.90909,-2
433,-10,0,34,26,19,38,30,20,23.48485,5
434,6,0,39,40,41,32,34,29,27.27273,8
435,23,0,-2,-6,20,14,11,-12,20.45455,-5.5
436,-9,0,29,31,18,43,29,8,30.06993,5
437,-4,0,10,16,14,18,13,15,9.09091,4
438,13,0,3,8,-3,2,-1,-5,-9.09091,-2
439,3,0,5,7,1,12,8,-12,9.09091,1
440,-3,0,18,14,33,18,12,30,9.09091,1
441,-18,0,11,10,13,5,10,9,8.97436,-3
442,-4,0,19,11,40,5,8,45,-9.09091,3.5
443,19,0,52,45,12,31,46,37,9.09091,6
444,1,0,1,-4,5,-3,-1,19,-9.09091,6.5
445,6,0,-2,10,-12,-11,-1,25,-5.30303,2.5
446,3,0,19,24,18,42,31,-12,28.78788,-2
447,-15,0,22,15,13,14,14,11,9.09091,0
448,7,0,24,21,19,29,26,-2,18.18182,4
449,25,0,9,6,26,-4,4,34,-9.09091,6.5
450,25,0,40,34,40,37,33,30,9.09091,12
451,3,1,-5,-7,-14,-29,-6,-3,-25,-6.5
452,22,-1,8,32,54,6,32,59,0,15.5
453,32,1,25,39,26,20,42,7,20,14.5
454,7,-1,-55,-31,-14,-72,-35,-14,-75,-8
455,-49,1,-29,-15,-10,-29,-16,-4,-25,3
456,-11,-1,-34,-4,-9,-17,-5,-16,-25,-4.5
457,-8,-1,7,-20,-7,27,-22,-22,-10,-10.5
458,-6,-1,-47,-36,-26,-13,-28,-42,0,-11.5
459,7,1,-42,-26,-31,-33,-10,-32,-25,-2.5
460,-1,-1,22,18,29,46,22,21,20,-1.5
461,7,1,-23,-7,4,-53,-4,-6,-50,6
462,3,-1,48,51,30,23,47,42,13.33333,7.5
463,22,1,61,81,70,55,78,79,40,31
464,3,-1,30,32,38,58,35,28,40,2.5
465,39,-1,57,76,66,49,76,64,50,23.5
466,3,1,-3,21,17,-7,24,10,-25,9.5
467,28,1,7,25,42,45,32,33,30,21
468,24,1,34,39,37,39,37,15,8.33333,19
469,16,-1,19,22,14,17,26,17,40,1.5
470,21,-1,39,23,14,12,23,4,0,-1
471,-16,1,3,-11,-19,7,-16,-14,0,7
472,52,1,46,58,70,25,58,70,10,28.5
473,-7,-1,4,1,-4,11,4,2,25,-1
474,-20,1,-27,-17,12,-51,-6,-3,-30,7
475,-7,-1,-6,-22,-18,10,-21,-30,0,-21.5
476,-20,-1,-106,-105,-65,-93,-96,-86,-100,-38.5
477,5,1,-58,-63,-63,-75,-66,-33,-75,-8.5
478,25,1,64,64,70,67,77,66,75,26
479,-6,1,-56,-38,-41,-56,-36,-48,-40,-8
480,28,-1,60,60,47,52,48,61,60,18
481,-9,-1,-12,-11,-17,-13,-20,-40,-26.66667,-7
482,-19,-1,-37,-44,-16,-55,-42,-10,-30,-4.5
483,3,1,36,55,57,29,54,39,25,19
484,-28,-1,-14,-5,18,-3,3,9,-5,1
485,-7,1,-19,-17,-13,-15,-12,-9,-20,-10.5
486,-7,-1,47,52,15,32,42,35,15,6.5
487,-5,1,44,44,36,45,44,26,60,27.5
488,-14,-1,-34,-16,-7,17,-8,-3,25,-3
489,20,1,55,43,53,61,41,33,50,7
490,-20,-1,4,5,-1,-13,11,-27,10,-4
491,17,1,17,15,6,2,14,1,0,5
492,31,1,32,19,16,16,13,38,25,21
493,3,-1,-9,-13,-8,-21,-12,-2,-20,-4
494,14,1,26,53,29,54,43,12,75,16
495,12,1,49,39,43,47,39,10,35,13
496,-25,1,-47,-48,-37,-45,-41,-44,-40,-1.5
497,34,-1,3,3,27,-8,2,21,-20,-3
498,19,1,12,-3,-13,7,-6,-9,0,4.5
499,1,-1,37,47,40,46,48,26,50,20.5
500,22,1,54,38,25,36,34,42,20,31
501,33,-1,16,9,-5,14,6,13,0,3
502,53,-1,50,59,50,36,50,44,16.66667,20
503,31,1,5,6,7,-5,8,4,0,8
504,-14,1,8,5,7,-17,2,20,-40,1
505,11,-1,29,17,35,26,18,46,20,0
506,10,-1,6,-4,-7,6,-5,-2,0,-8.5
507,31,1,-5,13,28,21,18,1,43.33333,13
508,-21,-1,-59,-64,-46,-54,-65,-67,-60,-32.5
509,-32,-1,-38,-27,-12,-36,-26,-32,-40,-9
510,-6,-1,-60,-55,-47,-42,-53,-24,-20,-12.5
511,34,1,-15,-5,23,8,-2,23,16.66667,4.5
512,58,1,16,37,32,36,39,15,26.66667,16
513,-7,-1,-4,4,-21,4,7,-19,0,0
514,10,1,67,69,55,59,68,71,46.66667,21.5
515,49,1,95,101,85,97,101,95,83.33333,48.5
516,28,1,18,32,38,12,27,55,20,21.5
517,-8,-1,79,62,66,87,65,54,60,10
518,20,1,21,22,-1,15,16,11,3.33333,7
519,6,-1,23,18,14,19,16,16,0,6
520,-12,1,47,45,30,44,41,2,33.33333,13.5
521,14,1,48,37,25,44,35,49,30,6.5
522,24,-1,40,53,59,37,52,63,20,27
523,38,1,-8,-10,9,-32,-16,8,-40,4.5
524,-18,1,-35,-40,-15,-28,-31,-28,-20,1.5
525,-42,-1,-31,-33,5,-49,-29,1,-43.33333,-7
526,7,-1,69,54,11,70,52,22,40,6
527,15,1,-3,-15,9,-1,-12,9,-16.66667,1.5
528,32,1,73,80,58,65,77,60,60,25
529,14,-1,-14,-7,1,-8,-10,2,0,4.5
530,-14,-1,-24,-25,-23,-40,-22,-10,-33.33333,-13.5
531,31,0,74,78,76,81,77,76,60,19.5
532,-7,1,-15,-16,-8,-12,-9,-29,10,-3
533,13,-1,-23,-14,8,-31,-13,-12,-16.66667,3.5
534,1,1,-3,19,37,17,28,14,20,7
535,34,1,-4,-2,7,-3,2,-1,16.66667,6
536,21,1,75,65,50,79,62,60,60,24.5
537,32,-1,61,59,67,27,62,80,20,14
538,28,1,17,17,7,13,19,33,23.33333,18
539,17,-1,16,22,-17,-6,9,20,-6.66667,1
540,-21,1,40,35,27,8,29,3,0,6.5
541,4,1,-26,-20,-22,-30,-31,-18,-6.66667,-3
542,-37,1,-56,-40,-26,-35,-39,-31,-33.33333,-11
543,17,-1,50,45,42,71,46,23,63.33333,15
544,34,-1,8,7,17,12,9,17,10,6
545,-5,1,12,3,-7,7,2,-10,0,-1
546,19,1,10,14,-1,26,14,-5,3.33333,5.5
547,14,1,5,2,-9,-13,-1,6,-30,8
548,-17,1,16,25,18,3,20,3,0,2.5
549,17,1,17,19,17,28,17,22,33.33333,12.5
550,28,-1,54,60,63,45,63,70,22.85714,22.5
551,59,1,82,84,92,90,87,89,66.66667,46
552,-8,-1,-1,20,18,-10,12,20,-33.33333,1
553,34,1,21,42,37,32,50,60,33.33333,23
554,4,1,14,6,11,9,4,18,0,9
555,10,1,-21,-3,-12,-25,-7,-12,-10,3
556,-14,-1,40,31,22,36,32,1,38.09524,-3
557,30,1,38,38,29,39,37,11,33.33333,12.5
558,2,1,-25,-17,-4,-22,-15,-26,-16.66667,-5
559,-3,1,-22,-13,-26,-28,-9,-13,-16.66667,-1
560,7,1,-38,-41,-24,-49,-42,-28,-22.85714,-6
561,14,1,34,41,21,30,45,46,21.42857,16.5
562,-8,1,-59,-55,-52,-66,-54,-36,-50,-12.5
563,-10,-1,3,-4,9,-13,-8,-1,-11.42857,-3.5
564,4,-1,59,51,50,67,58,65,54.7619,9
565,34,1,41,58,39,42,50,56,19.04762,31.5
566,-6,1,-10,-11,-15,-1,-10,-25,-16.66667,3
567,16,-1,73,74,56,77,71,38,57.14286,6.5
568,5,1,41,62,45,26,52,62,14.28571,31
569,12,1,56,58,58,71,57,46,50,16
570,-1,1,37,32,21,34,30,5,26.19048,13.5
571,28,-1,67,66,65,80,66,63,69.04762,19
572,-3,1,15,14,3,21,15,6,16.66667,0
573,23,-1,-11,-13,12,-27,-9,35,-16.66667,3
574,-14,1,-57,-67,-36,-56,-62,-47,-50,-19.5
575,-16,-1,16,21,29,-1,9,29,-13.33333,-3.5
576,10,1,83,96,84,83,91,82,42.85714,32
577,22,1,20,23,51,12,24,45,19.04762,21
578,-25,-1,-3,-5,-7,7,-4,-3,3.33333,-12
579,35,1,65,71,65,60,72,76,66.66667,28.5
580,-7,1,-43,-39,-30,-56,-38,-26,-50,2
581,14,1,-5,2,-2,-7,1,5,0,10
582,59,1,40,54,36,41,51,42,50,27
583,14,-1,11,2,17,-14,4,36,0,3
584,6,-1,4,6,13,-3,13,20,14.28571,5.5
585,8,1,-49,-43,-35,-44,-45,-46,-38.09524,-7
586,-5,-1,-29,-24,-40,-26,-24,-28,-16.66667,-11
587,55,1,40,45,5,21,39,37,42.85714,31.5
588,14,-1,81,87,72,72,81,77,57.14286,27.5
589,6,-1,-26,-27,-24,-43,-32,13,-40.47619,-11.5
590,-30,-1,-7,-2,-34,-14,-12,-11,-16.66667,-6
591,19,1,56,61,31,47,51,61,35.71429,20.5
592,-3,1,33,36,27,42,31,38,23.80952,9
593,9,-1,26,27,6,46,26,9,16.66667,10.5
594,17,1,-28,-35,-18,-47,-26,-18,-9.52381,-11.5
595,-3,1,38,32,19,43,33,35,23.80952,21.5
596,-19,1,-35,-40,-24,-33,-38,-35,-40.47619,-16
597,6,-1,15,7,9,20,14,19,33.33333,3.5
598,-4,-1,23,17,21,43,19,13,50,4
599,-49,-1,-60,-60,-27,-44,-48,-44,-40.47619,-24
600,7,-1,9,5,-5,17,7,-2,33.33333,-7.5
601,11,1,108,106,90,96,101,92,58.33333,40.5
602,-17,-1,2,-1,3,1,-1,1,0,2.5
603,11,1,6,10,11,4,8,8,0,9
604,16,1,17,24,9,11,24,35,-19.04762,10.5
605,34,1,51,60,66,57,65,82,42.85714,41
606,1,-1,19,24,21,21,25,29,14.28571,5.5
607,3,-1,-21,-11,-13,-33,-13,21,-37.5,1.5
608,-4,-1,8,10,-8,10,13,-10,14.28571,-3
609,11,-1,37,36,32,37,38,28,42.85714,12
610,-3,1,-39,-38,-27,-46,-36,-41,-42.85714,-7
611,-29,-1,-44,-45,-35,-61,-39,-27,-42.85714,-13
612,22,1,44,44,22,33,43,43,12.5,18.5
613,44,-1,19,22,17,10,21,29,4.16667,18
614,3,1,34,37,44,31,31,29,16.66667,15
615,3,-1,-10,-18,-12,-7,-22,-18,-14.28571,-5.5
616,-16,-1,3,15,23,16,15,19,16.07143,5.5
617,6,-1,18,14,12,11,13,-10,5.35714,-3
618,12,1,31,36,27,34,34,32,25,17.5
619,-4,-1,10,7,4,10,2,-4,10.71429,-1.5
620,3,1,56,47,34,47,47,51,28.57143,14
621,-12,1,30,27,25,28,22,6,14.28571,9
622,-2,-1,-12,-21,-5,-16,-15,-32,-8.33333,-9.5
623,-11,-1,-12,-7,-2,-5,-6,-2,-14.28571,-5
624,29,1,32,37,42,29,40,55,14.28571,22
625,3,-1,-3,-3,39,-20,2,20,-7.14286,4
626,19,1,40,45,15,62,42,16,42.85714,10
627,-9,1,-59,-60,-19,-53,-52,-23,-45.83333,-8
628,3,-1,-24,-26,-13,-33,-27,-8,-28.57143,-11.5
629,-6,1,-52,-46,-45,-55,-47,-48,-37.5,-15
630,-7,-1,-4,-13,11,-24,-11,4,-21.42857,0
631,3,1,-8,-3,40,13,13,-1,9.52381,9.5
632,3,-1,25,31,26,9,21,37,28.57143,8
633,3,1,56,50,51,39,48,56,0,13
634,21,-1,73,80,43,72,79,73,85.71429,18.5
635,3,-1,-9,-3,-16,-6,-5,-2,-5.35714,2
636,12,-1,52,47,33,63,48,37,57.14286,8.5
637,-3,1,24,30,14,7,24,12,0,13.5
638,3,-1,73,76,68,52,74,80,40.47619,17.5
639,-30,-1,9,-6,-13,7,-10,-6,14.28571,-5
640,-26,-1,-72,-76,-80,-70,-75,-64,-23.80952,-27.5
641,37,1,71,76,64,66,79,51,71.42857,22.5
642,-6,1,-18,-8,-10,-19,-5,11,-8.92857,5
643,63,1,55,67,29,64,57,62,42.85714,34.5
644,-42,1,-85,-86,-60,-94,-91,-90,-73.21429,-24
645,13,-1,5,9,2,-1,10,9,14.28571,-4
646,4,-1,20,19,5,48,20,10,28.57143,4.5
647,14,1,-8,-1,-3,-3,-1,-2,0,13.5
648,13,1,6,8,13,11,15,16,42.85714,5
649,20,1,-4,2,-2,-7,-2,2,-14.28571,9.5
650,39,1,67,66,46,54,60,51,37.5,31
651,23,-1,88,91,58,89,91,70,62.5,18.5
652,10,-1,9,23,21,15,25,43,0,6.5
653,12,-1,10,16,10,1,17,28,8.33333,10.5
654,3,-1,56,52,51,68,61,47,50,9.5
655,2,-1,50,49,59,29,47,63,7.14286,11
656,49,-1,87,85,93,92,85,99,75,39
657,7,1,7,14,6,9,8,-25,12.5,8
658,7,1,-27,-39,-32,-25,-39,-39,-21.42857,-6
659,-2,-1,-25,-18,-10,-34,-19,-26,-25,-8
660,2,1,25,14,29,31,13,13,25,3
661,-3,-1,5,-1,12,-8,-1,8,0,7.5
662,4,-1,-24,-13,-16,-31,-14,25,-14.28571,3
663,18,1,54,58,28,51,59,49,42.85714,26.5
664,47,1,14,19,5,8,16,14,0,19.5
665,46,1,11,24,30,12,24,46,2.77778,18
666,3,1,18,17,10,35,21,6,25,7
667,-24,-1,-37,-36,-38,-47,-42,-40,-43.05556,-7.5
668,14,1,36,48,27,33,42,38,25,14.5
669,21,-1,-12,-28,-38,-1,-30,-38,-10.71429,-12.5
670,6,-1,-28,-18,-38,-33,-27,-42,-25,-3
671,5,-1,79,71,54,79,75,80,46.42857,15
672,-14,1,4,11,5,-8,-6,-9,-14.28571,0
673,3,-1,-36,-41,-14,-34,-41,-40,-33.92857,-7.5
674,28,1,31,27,13,14,27,32,12.5,9.5
675,7,-1,24,22,40,24,24,36,25,7.5
676,3,-1,-18,-24,-31,-35,-37,-52,-33.33333,-17
677,22,1,-10,-15,-12,-26,-12,-16,-25,-2.5
678,28,-1,45,56,39,57,61,55,75,14
679,14,-1,11,18,35,9,17,8,25,5
680,6,-1,51,41,41,60,42,36,50,6.5
681,-4,1,-37,-40,-9,-26,-33,-31,-44.44444,-6.5
682,21,1,17,6,8,19,5,-19,0,5
683,2,1,-8,-3,7,-8,-1,4,0,5
684,3,1,-31,-35,-14,-20,-27,-34,-12.5,-6
685,56,-1,12,12,13,-4,14,21,0,10.5
686,-3,-1,39,37,64,32,41,51,33.33333,13
687,-1,1,17,20,-4,32,25,16,30.55556,6
688,29,1,7,9,15,9,8,9,0,9
689,12,1,-19,-5,-18,-30,-18,-32,-25,5
690,18,-1,50,51,47,71,51,56,46.42857,6.5
691,-3,-1,1,2,4,8,1,4,-1.38889,7
692,14,-1,37,33,30,40,33,19,48.21429,7.5
693,39,-1,60,73,65,43,71,84,37.5,22
694,-2,1,-26,-25,-12,-32,-17,-14,-12.5,-13.5
695,7,-1,-6,-8,1,-2,-6,-5,12.5,-7
696,-23,1,-72,-74,-39,-75,-77,-69,-62.5,-25
697,18,1,-9,-5,-11,-4,-9,-12,0,3
698,-16,-1,-2,-2,1,-3,-1,1,0,-10
699,3,-1,1,1,-5,-1,1,2,-12.5,-2.5
700,28,1,45,51,36,42,47,37,25,21.5
701,-1,-1,8,3,5,9,5,4,8.88889,4
702,20,1,17,26,15,18,25,23,11.11111,14
703,-8,1,-17,-10,-2,-35,-11,26,-33.33333,5.5
704,35,-1,40,57,34,32,52,50,33.33333,11.5
705,8,1,48,39,54,59,46,30,55.55556,13
706,43,1,25,32,12,28,36,44,12.5,13.5
707,4,-1,14,12,13,19,13,14,22.22222,9.5
708,-3,1,-41,-39,-36,-45,-33,-33,-22.22222,-8.5
709,-3,-1,8,11,-3,10,9,-10,11.11111,-7
710,22,1,-5,-7,-3,-20,-8,-9,-22.22222,1.5
711,6,-1,-14,-19,1,-22,-16,11,-11.11111,-12
712,11,-1,8,13,3,7,4,19,-8.33333,-2.5
713,22,1,47,43,32,40,41,36,26.66667,15.5
714,19,-1,27,30,27,16,34,47,5.55556,10
715,-17,-1,-20,-22,-39,-17,-22,-13,-25,-13.5
716,-3,-1,4,8,8,-9,6,16,-2.77778,-1.5
717,29,-1,99,108,83,97,105,96,77.5,48
718,23,-1,62,61,77,60,55,56,18.88889,12.5
719,-7,-1,-14,-21,-11,-15,-22,-11,-22.22222,-7
720,58,1,42,42,29,51,48,38,35,10
721,21,1,78,66,60,87,66,67,65.27778,20
722,-22,-1,-45,-41,-38,-60,-48,-21,-41.66667,-6.5
723,-12,-1,-29,-32,-32,-29,-31,2,-8.33333,-8.5
724,20,1,5,9,11,-7,10,11,0,6
725,4,1,64,72,51,68,72,46,62.5,18.5
726,20,1,2,3,4,-3,2,12,1.38889,14.5
727,35,1,16,35,23,18,32,44,12.5,9.5
728,10,1,-58,-60,-51,-74,-61,-60,-57.77778,-12
729,34,-1,36,38,32,23,35,48,22.22222,15
730,-2,1,-36,-36,-19,-28,-30,-21,-33.33333,-9.5
731,28,1,26,37,20,19,30,8,22.22222,16.5
732,28,1,65,75,57,34,75,81,44.44444,31
733,24,-1,9,11,12,24,20,13,33.33333,0
734,20,1,-40,-42,-27,-40,-44,-51,-33.33333,-7.5
735,-21,1,-52,-37,-26,-57,-40,-32,-26.66667,-7
736,-4,-1,34,30,29,42,34,38,22.22222,3
737,23,-1,12,12,19,12,14,26,8.88889,23
738,42,1,49,39,26,46,39,43,29.16667,15
739,3,-1,27,34,42,7,25,36,8.33333,9.5
740,-4,-1,9,-2,3,11,4,6,5.55556,-8.5
741,-17,-1,-49,-58,-21,-60,-61,-48,-44.44444,-13.5
742,3,-1,17,14,12,26,18,2,11.11111,1.5
743,-7,-1,47,61,27,51,53,65,33.33333,14.5
744,25,-1,1,2,16,-2,2,8,0,12
745,7,-1,53,40,48,47,39,37,12.5,14
746,-4,-1,92,94,72,104,97,99,77.77778,34.5
747,-4,1,26,21,1,4,17,8,0,6.5
748,-25,-1,-1,1,-4,2,4,-12,22.22222,-8
749,4,1,-3,-4,-7,-4,-6,-10,-11.11111,2.5
750,35,1,20,21,12,23,18,24,22.22222,28.5
751,-3,-1,-8,-10,2,-26,-6,7,-11.11111,-7
752,12,1,14,20,18,28,26,19,44.44444,13.5
753,26,-1,40,39,38,40,38,30,33.33333,13
754,-23,-1,-2,-3,-1,-1,-3,-2,-0.90909,-12
755,-10,-1,-1,-4,1,4,-4,-4,0,-5.5
756,39,1,49,54,49,61,61,64,46.66667,19.5
757,14,1,41,40,31,43,36,27,36.36364,24.5
758,-38,-1,-22,-24,-5,-31,-28,-21,-20,-7.5
759,-13,1,-40,-46,-32,-35,-45,-47,-27.77778,-10
760,6,-1,17,12,17,21,17,10,10,-1.5
761,-48,1,-45,-38,-42,-58,-42,-27,-50,-7.5
762,12,-1,-4,-6,-11,-15,-5,10,-10,-2
763,7,1,41,51,28,42,52,49,25.55556,18
764,18,1,28,31,5,7,19,19,0,8
765,-3,1,29,23,34,40,27,8,20,3
766,-2,-1,-3,-12,-9,-16,-15,-9,-10,-8
767,4,-1,66,73,70,81,74,82,51.81818,21.5
768,24,1,2,-7,2,12,-6,-2,-5.45455,6
769,19,-1,63,59,54,74,64,66,50,11
770,7,-1,-52,-58,-27,-58,-58,-71,-33.33333,-19
771,-9,1,-45,-28,-31,-62,-41,-16,-50,1
772,38,-1,44,35,51,57,46,46,50,12
773,-10,-1,8,-3,15,7,3,10,0,-3
774,21,1,32,36,11,32,33,10,30,8.5
775,-7,-1,10,19,-12,16,18,-3,11.11111,0
776,17,1,7,2,-8,4,2,-4,-5.05051,0
777,-3,-1,-8,-12,-22,-12,-19,-5,-22.72727,-13.5
778,42,1,35,41,33,10,38,29,30,14.5
779,28,-1,79,81,73,79,81,80,44.44444,22
780,-19,-1,34,25,29,33,27,24,13.63636,0
781,28,1,46,56,32,66,51,31,40,16.5
782,7,-1,28,30,38,24,32,34,15.55556,8.5
783,24,1,66,74,55,79,77,56,70,29
784,23,-1,5,-1,14,8,3,11,11.11111,-2.5
785,-18,-1,2,10,-1,-4,10,31,11.11111,3.5
786,-3,-1,28,30,36,18,29,30,17.77778,5.5
787,1,-1,25,23,22,35,22,18,30,21.5
788,28,1,-2,6,23,-3,7,15,2.22222,16.5
789,3,1,37,37,26,30,42,51,40,25
790,33,1,14,8,39,2,4,14,8.88889,12.5
791,-6,-1,21,19,17,17,23,22,20,9.5
792,34,1,39,48,12,40,25,34,30,25
793,20,-1,44,38,21,56,39,33,48.88889,7.5
794,-23,-1,3,3,4,-12,1,15,-10,1.5
795,21,1,25,23,30,35,32,19,36.66667,9.5
796,28,1,59,70,42,67,61,65,50,26
797,7,1,-18,-19,-14,-20,-16,-15,-10,-11
798,29,1,20,16,-2,27,17,6,10,16.5
799,-11,-1,60,55,43,60,58,48,40,9
800,46,1,43,46,40,45,47,32,30,27
801,2,1,56,49,51,66,50,63,50,26.5
802,26,1,-7,1,-3,-4,4,1,10,5.5
803,2,-1,55,60,48,53,59,65,40,18
804,5,-1,82,78,71,93,79,81,70,26
805,-11,-1,28,24,9,33,26,34,20,3
806,28,1,39,58,46,39,56,63,20,25
807,31,-1,5,-6,1,-5,-5,16,-3.63636,0
808,-12,1,-3,-7,-11,-18,-10,-8,-10,0
809,21,1,33,49,27,32,34,53,30,20.5
810,7,-1,5,1,-8,18,3,-22,5.45455,-6
811,-17,1,-26,-27,-30,-45,-33,-31,-34.54545,0
812,18,1,51,57,32,52,53,21,40,15
813,-16,1,-77,-74,-67,-71,-70,-68,-33.63636,-19.5
814,15,1,-26,-36,-9,-28,-28,-28,-10,-6.5
815,-34,-1,-77,-85,-60,-84,-88,-72,-70,-24.5
816,10,1,-10,2,15,-12,2,-10,0,6
817,5,-1,-9,-16,-11,-11,-20,-18,-10,-6
818,-13,1,10,16,12,9,17,33,0,6
819,7,-1,12,14,6,13,17,9,20,5.5
820,-35,-1,-9,-12,-5,-13,-18,-16,-18.18182,-12.5
821,22,0,13,15,14,6,13,18,0,9.5
822,3,0,6,7,6,8,8,9,16.66667,2.5
823,5,-1,-46,-51,-20,-47,-43,-46,-27.27273,-6.5
824,-2,1,-32,-34,-20,-25,-35,-9,-27.27273,-7
825,-2,-1,5,9,10,1,10,8,10,2
826,17,0,3,4,1,3,4,2,7.57576,6
827,49,0,11,17,25,9,15,3,9.09091,14
828,-5,0,-3,4,1,-15,5,11,0,7.5
829,-14,0,-18,-16,-9,-13,-14,-2,-4.1958,-3.5
830,11,0,-1,-2,1,-1,-1,-2,8.33333,-11.5
831,14,0,-22,-34,-17,-24,-31,-26,-18.18182,-9
832,3,0,7,11,5,-2,6,12,-2.27273,7.5
833,-3,0,10,13,-33,2,10,-4,-9.09091,1
834,23,0,22,26,12,9,21,38,9.09091,9.5
835,21,0,8,10,8,7,9,16,9.09091,5.5
836,-1,0,-1,-7,-28,-7,-10,-36,-12.12121,-6
837,17,0,-13,-11,-6,-21,-12,-3,-9.09091,-6.5
838,10,0,12,11,11,14,14,8,18.18182,-2
839,-13,0,-6,2,26,-12,12,24,-5.30303,1
840,-5,0,6,6,21,8,3,22,0,0
841,-2,0,13,8,10,6,14,16,0,1.5
842,-17,0,19,9,49,9,13,42,-3.78788,0
843,14,0,-27,-10,-11,-14,-13,7,0,-3.5
844,11,0,-15,-11,-37,-14,-13,-21,-5.30303,-3
845,8,0,11,9,-5,10,10,-11,9.09091,-2
846,8,0,4,7,1,19,14,-25,9.09091,-3.5
847,15,0,-2,-3,7,-17,-4,-2,9.09091,7.5
848,-32,0,-5,-9,-7,-3,-7,-6,-9.09091,-3.5
849,7,0,-36,-28,-41,-36,-32,-56,-27.27273,-7
850,-11,0,1,-7,28,-7,-1,36,9.09091,3.5
851,-7,-1,49,32,17,31,60,45,35,14
852,7,-1,28,40,41,8,40,57,5,10
853,5,-1,50,49,39,46,52,48,35,10
854,-31,-1,-46,-39,-19,-19,-59,-42,10,-12.5
855,-6,-1,-22,-23,-22,-20,-11,-29,-5,-11.5
856,-20,-1,-2,-4,1,-18,-6,-6,-20,-9
857,-32,-1,-72,-77,-80,-62,-70,-72,-55,-30
858,-10,-1,39,47,35,80,61,33,100,14
859,-10,-1,-62,-44,-44,-46,-59,-61,-25,-13.5
860,19,-1,13,10,14,4,13,12,20,17
861,-3,-1,-17,6,13,20,-2,19,0,-7
862,-4,-1,26,19,9,15,39,35,-10,1.5
863,-31,-1,31,32,36,53,21,29,15,4
864,7,-1,-63,-75,-53,-76,-83,-59,-60,-17
865,21,-1,43,37,42,50,56,56,30,14
866,-17,-1,-20,-29,-14,2,-35,-19,25,-10.5
867,-35,-1,-34,-44,-29,-28,-28,-50,-25,-30
868,-41,-1,-93,-80,-87,-96,-86,-86,-60,-29.5
869,-40,-1,-13,-23,-9,-10,-19,-17,-30,-19
870,20,-1,34,29,32,41,49,37,60,8
871,-44,-1,-16,-29,-28,-10,-10,-42,0,-21
872,-42,-1,-47,-54,-24,-65,-37,-35,-35,-28
873,3,-1,-11,2,-25,-18,14,18,0,0
874,24,-1,-34,-12,6,-39,-34,-31,-30,-3
875,-10,-1,-24,-16,-12,-45,-31,-22,-50,-14
876,14,-1,33,35,39,36,32,23,20,7
877,-3,-1,-1,3,8,5,1,5,0,2.5
878,-52,-1,-47,-66,-62,-36,-54,-57,-30,-36
879,2,-1,26,14,31,40,27,30,40,3
880,-7,-1,34,-3,27,46,19,16,25,-12.5
881,7,-1,4,2,-1,-28,-7,8,-40,-4
882,3,-1,-74,-64,-43,-59,-70,-63,-35,-24.5
883,3,-1,-49,-44,-51,-22,-52,-50,-15,-15
884,-7,-1,-36,-31,-18,-56,-40,-43,-50,-17
885,-18,-1,-44,-38,-34,-18,-43,-44,-25,-20
886,-17,-1,-12,3,-6,2,1,-7,0,-8
887,-13,-1,7,6,11,-1,8,20,-20,-1.5
888,-10,-1,1,5,-15,-10,26,-5,8.33333,-5
889,-5,-1,45,11,9,37,36,14,20,-3.5
890,24,-1,64,59,76,69,48,87,75,28
891,-3,-1,32,6,8,22,23,15,20,-2.5
892,19,-1,-11,17,7,-45,6,-40,-40,0
893,-42,-1,15,14,8,33,22,21,35,-5.5
894,-7,-1,58,35,21,35,56,57,15,-1
895,-14,-1,-32,-21,-11,-60,-30,-24,-40,-9.5
896,17,-1,-23,6,-6,-51,-5,8,-50,2
897,-20,-1,-22,-17,-21,-19,-25,3,0,-3.5
898,-7,-1,-42,-22,-6,-45,-37,-22,-30,-12
899,38,-1,96,98,71,103,107,85,100,31
900,26,-1,3,14,12,-8,-8,15,-25,2.5
901,3,-1,34,20,18,23,24,26,35,8.5
902,3,-1,-25,-3,30,-40,-15,10,-40,2.5
903,-10,-1,73,65,51,63,74,69,66.66667,14.5
904,-25,-1,-72,-90,-54,-69,-71,-58,-40,-22.5
905,6,-1,12,12,12,8,6,13,-3.33333,3
906,3,-1,10,7,9,-8,4,11,0,-5.5
907,21,-1,-75,-60,-23,-53,-56,-56,-20,-10
908,-24,-1,-70,-73,-56,-49,-76,-61,-20,-24.5
909,-7,-1,37,26,16,41,31,42,46.66667,7
910,-30,-1,-6,-9,-12,-37,-9,-7,-33.33333,-3.5
911,24,-1,81,41,68,84,57,51,40,15.5
912,-28,-1,-50,-51,-24,-69,-53,-34,-66.66667,-33
913,17,-1,-27,-40,-20,-12,-36,-63,-10,-13
914,12,-1,1,2,10,-41,-8,-25,-40,-2
915,-21,-1,57,42,28,52,41,45,20,5
916,18,-1,24,35,28,46,37,25,33.33333,16
917,10,-1,3,-30,36,1,4,35,13.33333,7.5
918,7,-1,55,64,51,67,73,69,60,17
919,8,-1,8,-11,-49,37,-3,-38,40,-6.5
920,6,-1,36,27,37,39,35,36,43.33333,7.5
921,-59,-1,-31,-57,-40,-33,-51,-41,-16.66667,-14.5
922,-2,-1,10,14,-5,16,10,-12,-13.33333,-4.5
923,3,-1,-15,8,9,-5,2,-16,0,-7
924,-17,-1,-81,-96,-74,-78,-83,-82,-46.66667,-31.5
925,-26,-1,-15,-12,-10,-27,-30,-32,-26.66667,-4.5
926,-16,-1,-40,-56,-60,-31,-47,-57,-23.33333,-28
927,1,-1,-23,-29,-24,-2,-13,-7,16.66667,2.5
928,7,-1,50,56,44,63,58,40,50,23.5
929,-24,-1,18,22,8,25,20,27,33.33333,2.5
930,-24,-1,-58,-78,-53,-74,-72,-62,-43.33333,-30.5
931,30,-1,18,17,32,20,17,34,20,1.5
932,4,-1,-5,2,-11,2,-3,4,0,-2
933,-1,-1,-13,-15,5,2,-7,-1,13.33333,-1
934,-13,-1,-21,-28,-10,-19,-23,-18,-33.33333,-11
935,-4,-1,11,3,-3,-20,3,-6,0,-8
936,-4,-1,35,43,32,9,26,36,-20,3.5
937,-46,-1,-21,-40,4,-14,-37,-7,-20,-20
938,7,-1,-29,-16,-19,-66,-22,-7,-26.66667,-6
939,-42,-1,-35,-21,-2,-30,-16,-8,0,-10
940,-34,-1,-37,-45,-31,-34,-52,-52,-60,-22.5
941,-1,-1,-22,-19,-15,-4,-21,-17,10,-8
942,-62,-1,-9,-9,-9,-2,-5,-8,-16.66667,-12.5
943,-13,-1,-29,-18,-57,-30,-36,-28,-16.66667,-22.5
944,-39,-1,-32,-28,-15,-20,-32,-45,-20,-17
945,6,-1,-5,6,-21,-4,-9,-4,0,-4
946,-40,-1,-76,-83,-79,-87,-82,-75,-60,-29.5
947,21,-1,-15,-3,-23,-22,-12,3,-16.66667,0
948,-23,-1,-41,-39,-46,-40,-58,-34,-40,-31
949,18,-1,48,42,44,58,45,47,26.66667,23
950,6,-1,1,-13,-19,37,-4,-1,38.09524,-10
951,-44,-1,-6,5,-39,-5,14,-26,0,-6.5
952,4,-1,-7,1,-8,-17,-8,-2,-19.04762,0
953,-28,-1,-46,-45,-21,-69,-55,-32,-71.42857,-18
954,-3,-1,-1,-5,-3,-5,-1,-5,0,-6.5
955,29,-1,56,42,54,46,43,58,33.33333,18
956,-8,-1,-56,-48,-61,-49,-56,-64,-33.33333,-17.5
957,4,-1,-51,-54,-25,-47,-52,-10,-16.66667,-3
958,11,-1,-21,-24,-3,-29,-35,-10,-16.66667,-2.5
959,7,-1,-6,-4,-5,17,-12,-12,-16.66667,-11
960,3,-1,13,14,26,33,20,30,50,16
961,14,-1,27,20,9,58,24,43,50,5
962,-6,-1,33,20,14,34,18,-14,9.52381,-4.5
963,6,-1,-59,-40,-52,-59,-43,-63,-33.33333,-24.5
964,7,-1,1,-8,19,10,11,19,26.19048,2.5
965,23,-1,25,32,32,32,34,27,40,6.5
966,-43,-1,-11,-8,-4,-26,-8,-9,-28.57143,-14
967,-15,-1,-12,-5,-2,-15,-2,6,-11.90476,-4
968,-1,-1,-63,-62,-29,-64,-74,-57,-66.66667,-15
969,11,-1,46,56,27,64,56,23,33.33333,5.5
970,24,-1,2,3,-5,1,8,2,14.28571,-3
971,56,-1,100,108,70,103,107,88,100,44
972,3,-1,51,47,50,-14,28,66,-43.33333,18
973,-30,-1,12,7,4,17,7,-5,14.28571,-2
974,-21,-1,52,59,44,55,58,43,21.42857,8
975,-4,-1,17,20,17,19,21,15,28.57143,9
976,-35,-1,3,-6,13,-14,-7,-8,-23.80952,2
977,-17,-1,-2,-9,-20,-3,-6,-27,16.66667,-6.5
978,-38,-1,-21,-19,-16,-49,-31,-19,-50,-9
979,7,-1,22,27,23,41,35,5,40.47619,-2
980,3,-1,-12,-14,9,-9,-15,-15,-26.19048,-3
981,3,-1,-9,14,-3,-48,-11,12,-21.42857,-3
982,6,-1,8,9,5,11,12,8,28.57143,4
983,23,-1,48,52,18,50,50,32,50,15
984,-22,-1,-47,-39,-11,-76,-47,-18,-40.47619,-6.5
985,4,-1,-7,-11,-17,23,-2,-5,16.66667,-7.5
986,-3,-1,-22,-22,-12,-10,-22,-34,-16.66667,-17
987,14,-1,1,-7,6,-6,4,6,-3.33333,3
988,-45,-1,32,14,16,34,8,3,23.33333,3.5
989,-21,-1,-18,-36,-3,-36,-35,16,-7.14286,0
990,28,-1,27,22,41,33,32,45,33.33333,8.5
991,-1,-1,-39,-14,-16,17,-14,-50,-14.28571,-10.5
992,-45,-1,-34,-30,-25,-47,-41,-33,-33.33333,-10
993,-48,-1,3,-4,-9,4,-10,-13,-7.14286,1
994,-28,-1,-18,-20,-9,-28,-33,-15,-33.33333,-7
995,1,-1,58,50,30,67,54,31,57.14286,4.5
996,4,-1,2,8,18,-4,3,57,0,3
997,-12,-1,-19,-15,-31,-20,-24,-3,-16.66667,-7.5
998,-7,-1,29,38,15,37,39,23,12.5,-1.5
999,-7,-1,-23,-11,-27,-31,-17,-21,-30.35714,-8
1000,-9,-1,-30,-16,-12,-26,-18,-28,-29.16667,-13.5
1001,26,-1,21,15,18,37,22,19,33.33333,3.5
1002,-3,-1,-13,-24,6,3,-12,2,-12.5,-8
1003,-24,-1,1,-12,1,-11,-10,-12,-33.92857,-7.5
1004,-41,-1,-97,-101,-88,-99,101,100,-87.5,-38
1005,6,-1,8,1,-8,12,8,17,41.66667,-3
1006,1,-1,-36,-47,-33,-32,-37,-57,12.5,-19
1007,-21,-1,-1,-3,1,2,-5,-3,-22.22222,-14
1008,-24,-1,-1,-6,1,7,-2,-2,-8.33333,-5.5
1009,10,-1,-15,-13,6,-36,-27,23,-25,-4
1010,9,-1,10,17,4,-4,13,4,0,4.5
1011,3,-1,-38,-48,-27,-58,-59,-34,-37.5,-9.5
1012,16,-1,36,20,44,38,22,40,37.5,4.5
1013,-25,-1,-2,13,-25,29,19,-6,0,-8
1014,16,-1,16,27,12,6,22,11,12.5,14.5
1015,25,-1,15,20,36,29,27,40,50,13.5
1016,14,-1,57,35,28,44,34,59,54.16667,14.5
1017,-28,-1,40,38,21,38,51,41,12.5,5
1018,-30,-1,-61,-64,-60,-71,-70,-67,-54.16667,-22.5
1019,17,-1,48,46,56,66,55,41,37.5,6
1020,-4,-1,-9,-14,-9,-2,-13,-11,-22.22222,-10.5
1021,42,-1,19,19,-16,-12,11,17,0,0
1022,3,-1,53,61,34,51,45,55,30.55556,16.5
1023,-10,-1,-6,-6,1,-8,-11,-7,-31.94444,-6.5
1024,19,-1,28,42,16,52,48,33,50,4
1025,-4,-1,-61,-60,-72,-65,-58,-74,-37.5,-27
1026,7,-1,75,77,75,78,73,76,54.16667,32
1027,-21,-1,6,1,15,23,6,-2,-5.35714,-8.5
1028,-27,-1,-22,-21,-27,-14,-24,-45,-30.15873,-17.5
1029,-13,-1,-9,-4,-6,-6,-1,-6,-12.5,-11.5
1030,-32,-1,-82,-88,-64,-66,-90,-71,-55.55556,-26
1031,12,-1,15,14,5,30,16,15,44.44444,7.5
1032,-14,-1,37,40,20,15,40,38,-5.35714,4
1033,-18,-1,-12,-21,-8,-23,-20,9,-32.14286,-11
1034,14,-1,37,40,18,25,33,22,37.5,5
1035,20,-1,29,28,48,39,28,35,50,16
1036,5,-1,6,1,16,6,-6,4,4.16667,2.5
1037,-25,-1,55,61,22,62,67,71,26.98413,10.5
1038,-28,-1,-14,-21,3,-13,-22,-7,-25,-10
1039,-16,-1,-15,-6,-1,-13,1,-4,-6.94444,-6.5
1040,-23,-1,-87,-94,-76,-99,101,-87,-85.71429,-33.5
1041,-10,-1,21,32,14,4,12,35,-12.5,5.5
1042,-21,-1,-17,-5,-9,-10,2,4,-12.5,-1
1043,-5,-1,2,7,3,13,8,-2,0,-3.5
1044,3,-1,40,29,35,34,32,47,27.77778,10.5
1045,20,-1,-8,4,9,-34,-12,3,-12.5,4.5
1046,-27,-1,5,-6,13,4,2,31,0,-1
1047,13,-1,56,49,61,58,47,70,50,22
1048,-8,-1,-48,-47,-64,-40,-38,-52,-19.64286,-17.5
1049,14,-1,7,11,2,-3,4,-1,11.11111,1
1050,16,-1,62,68,59,56,61,77,40.27778,22
1051,-1,-1,-19,-27,-13,-26,-26,-15,-37.5,-6.5
1052,-9,-1,-8,-15,-11,8,-12,-6,4.16667,-9
1053,10,-1,-5,-11,13,12,6,18,12.5,-6
1054,-22,-1,3,5,-4,-17,2,2,-3.57143,1
1055,-53,-1,-20,-21,-10,-40,-29,-25,-33.33333,-10
1056,-28,-1,-20,-39,-17,-19,-31,-17,-14.28571,-15
1057,-10,-1,-15,-21,-9,-32,-24,-20,-37.5,-11.5
1058,-35,-1,-29,-33,-18,-17,-30,-35,-20.83333,-14
1059,23,-1,57,38,40,81,48,33,50,6.5
1060,-10,-1,-9,-23,-2,-6,-11,-24,-12.5,-9
1061,-18,-1,-27,-31,-35,-13,-27,-29,0,-10.5
1062,-6,-1,-34,-41,-27,-34,-34,-27,-37.5,-15.5
1063,14,-1,49,38,38,57,39,50,19.64286,7.5
1064,-51,-1,-35,-48,-40,-43,-47,-37,-25,-12
1065,-19,-1,50,40,57,61,46,63,50,13
1066,-7,-1,16,20,22,19,21,37,35.71429,7
1067,21,-1,13,7,-8,33,12,17,25,-2.5
1068,9,-1,14,23,12,14,21,9,25,2.5
1069,16,-1,56,57,27,51,55,50,37.5,6.5
1070,-12,-1,36,26,18,21,24,23,0,-2.5
1071,-6,-1,-68,-71,-38,-81,-80,-65,-50,-20
1072,-41,-1,-53,-68,-49,-74,-71,-56,-30.55556,-25.5
1073,10,-1,26,17,13,26,28,14,29.16667,1
1074,12,-1,91,102,69,94,100,92,77.77778,34
1075,-13,-1,-10,-2,-2,-12,-6,21,6.94444,1.5
1076,30,-1,40,36,35,40,32,29,7.14286,8
1077,1,-1,-19,-19,-18,-40,-25,-12,-37.5,-14
1078,-37,-1,-21,-27,-24,-8,-20,-32,-7.14286,-11
1079,27,-1,20,21,12,13,22,27,25,14
1080,8,-1,13,12,15,18,20,5,25,-2.5
1081,-34,-1,-63,-67,-47,-67,-63,-57,-37.5,-23.5
1082,-24,-1,-20,-21,-21,-20,-23,-15,-23.21429,-9.5
1083,-16,-1,-3,-8,-3,-7,-3,-4,-8.33333,-5.5
1084,-29,-1,-19,-1,-7,-7,-5,-13,-11.11111,-2.5
1085,15,-1,19,27,38,45,32,14,25,5
1086,-17,-1,-55,-56,-59,-55,-52,-62,-37.5,-18
1087,13,-1,53,48,29,48,50,42,34.92063,8
1088,-37,-1,-18,-19,-15,-19,-16,-19,-12.5,-14
1089,19,-1,11,9,10,6,6,13,12.5,6.5
1090,-5,-1,-27,-32,-7,-25,-26,-19,-12.5,-13.5
1091,24,-1,-42,-35,-19,-48,-34,-27,-31.94444,-14.5
1092,-7,-1,-42,-47,-50,-26,-45,-67,-25,-28
1093,2,-1,68,69,77,79,72,74,62.5,19
1094,16,-1,46,38,52,43,39,53,37.5,8
1095,8,-1,15,15,1,8,10,16,-4.16667,-5.5
1096,-42,-1,-60,-52,-30,-54,-53,-22,-37.5,-15.5
1097,7,-1,2,5,-4,1,6,9,11.11111,-1
1098,14,-1,-24,-38,-14,-23,-37,-35,-17.85714,-8
1099,4,-1,-55,-49,-44,-63,-62,-38,-48.88889,-11.5
1100,-8,-1,-18,-13,5,-6,-13,-24,-6.66667,-3
1101,-4,-1,-31,-34,-22,-6,-21,-31,4.16667,-12
1102,17,-1,-23,-21,-23,-39,-26,-19,-30.55556,-9.5
1103,-21,-1,-12,-9,-2,-10,-11,-13,-33.33333,-15.5
1104,-14,-1,38,30,38,29,32,32,26.38889,7.5
1105,-29,-1,-96,-92,-88,-91,-87,-84,-55.55556,-49
1106,25,-1,20,21,32,21,21,33,11.11111,13.5
1107,-14,-1,-40,-36,-30,-50,-46,-37,-44.44444,-10
1108,-3,-1,-2,-2,-6,-11,-3,5,-19.44444,-4.5
1109,37,-1,62,64,67,61,70,81,44.44444,21.5
1110,-3,-1,19,20,9,36,26,13,22.22222,3.5
1111,17,-1,85,87,68,100,101,81,88.88889,27
1112,-7,-1,41,29,19,9,24,27,3.33333,3
1113,13,-1,14,20,-12,30,29,-2,33.33333,-3
1114,26,-1,-9,-7,-26,-14,-10,-22,-4.44444,-10.5
1115,-24,-1,-42,-56,-36,-38,-42,-43,-22.22222,-14
1116,-38,-1,-79,-83,-68,-85,-90,-86,-68.88889,-31.5
1117,-32,-1,-14,-12,-29,-13,2,-13,2.5,-7
1118,-26,-1,-1,2,-2,2,3,2,11.11111,-9.5
1119,-3,-1,-25,-23,-24,-46,-31,-18,-40,-16
1120,2,-1,1,5,23,-9,8,17,0,3
1121,21,-1,16,13,10,30,25,9,33.33333,8
1122,-48,-1,-84,-90,-87,-86,-93,-89,-55.55556,-37
1123,3,-1,2,4,-3,10,11,-15,17.77778,-8
1124,14,-1,31,46,35,25,35,37,22.22222,11.5
1125,-39,-1,-48,-45,-45,-55,-49,-64,-44.44444,-33
1126,-33,-1,-12,-14,-18,-16,-15,-16,-37.5,-9
1127,-12,-1,33,29,26,30,38,19,22.22222,5
1128,4,-1,-3,-2,-13,-7,-6,-2,-12.22222,-6
1129,34,-1,69,69,58,66,67,71,44.44444,19.5
1130,-12,-1,-9,-13,-2,-2,-1,-17,22.22222,-5.5
1131,-16,-1,15,7,12,17,9,11,3.33333,3.5
1132,-19,-1,-56,-58,-44,-45,-50,-59,-25,-25
1133,-45,-1,-39,-43,-23,-44,-40,-20,-29.16667,-12.5
1134,-19,-1,-7,-4,7,-10,-8,-26,-14.44444,-8
1135,-24,-1,-31,-31,-24,-31,-30,-51,-25,-22
1136,-30,-1,-8,-4,-5,10,-6,-10,0,-6
1137,-10,-1,36,36,33,37,36,41,11.11111,9
1138,21,-1,36,33,25,34,35,51,18.05556,7
1139,5,-1,31,25,19,30,24,28,22.22222,7
1140,3,-1,31,32,22,18,20,13,11.11111,8.5
1141,20,-1,5,7,-3,13,4,4,6.94444,-3
1142,-3,-1,70,71,63,75,78,75,66.66667,30.5
1143,-4,-1,38,26,33,48,34,38,25,8
1144,37,-1,27,27,40,27,26,31,22.22222,7
1145,-51,-1,-52,-51,-44,-52,-48,-40,-24.44444,-16
1146,1,-1,-11,-17,-13,-13,-24,-16,-10,-8.5
1147,-24,-1,-2,-3,21,6,-2,-6,0,-8.5
1148,-13,-1,36,35,32,31,31,41,33.33333,4
1149,-3,-1,49,46,39,56,52,54,33.33333,9
1150,-17,-1,-13,-8,-38,-37,-29,5,-41.66667,-3.5
1151,-20,-1,-3,3,6,-5,2,-8,0,-1.5
1152,11,-1,28,33,18,43,34,12,30,3.5
1153,3,-1,30,35,15,29,33,22,10,2.5
1154,31,-1,5,-4,-1,8,-9,25,2.72727,-2.5
1155,2,-1,-12,-20,23,5,-6,3,27.77778,-8.5
1156,3,-1,-19,-19,-37,-16,-16,-17,0,-11
1157,-43,-1,-32,-37,-23,-52,-44,-23,-60,-33
1158,-18,-1,-31,-32,-23,-37,-32,-31,-26.66667,-10
1159,6,-1,5,3,4,7,4,5,30,2
1160,10,-1,68,78,47,67,82,65,50,14
1161,-38,-1,16,15,11,10,19,25,10,3
1162,-7,-1,6,7,-3,10,6,-1,0,-4.5
1163,7,-1,4,5,3,3,3,9,10,3
1164,3,-1,-21,-24,-2,-9,-25,-20,-11.11111,-5.5
1165,-3,-1,33,32,22,40,34,39,27.77778,9
1166,12,-1,35,32,32,40,35,30,26.66667,4
1167,-3,-1,16,20,15,10,13,6,3.63636,-3.5
1168,8,-1,19,18,10,11,20,21,10,2
1169,4,-1,81,77,63,79,82,80,60,20
1170,-5,-1,5,-3,4,18,4,-6,22.22222,-7
1171,-66,-1,-52,-59,-64,-57,-59,-65,-50,-25.5
1172,-7,-1,-6,4,4,-30,-4,-12,-30,3
1173,-14,-1,-53,-50,-49,-70,-59,-61,-33.33333,-17
1174,-17,-1,-23,-17,-8,-26,-20,-33,-25.45455,-8
1175,-13,-1,-24,-26,-20,-29,-25,-19,-27.77778,-12
1176,-22,-1,-55,-54,-32,-51,-55,-61,-30,-14
1177,-7,-1,-24,-24,-24,-28,-22,-33,-25.45455,-11.5
1178,-10,-1,50,54,30,35,46,49,16.66667,12.5
1179,20,-1,57,55,59,49,55,72,34.44444,20
1180,-11,-1,-8,-5,-3,-2,-8,2,0,-6
1181,-7,-1,1,2,-5,2,1,-7,1.81818,-1.5
1182,6,-1,49,49,36,44,39,49,20,13
1183,-55,-1,-77,-87,-76,-80,-84,-78,-45.55556,-33
1184,30,-1,25,33,18,1,23,25,0,13
1185,-51,-1,-50,-44,-12,-47,-44,-38,-30.30303,-16
1186,14,-1,13,11,12,16,13,10,17.5,3.5
1187,3,-1,11,17,33,7,14,25,0,5
1188,35,-1,30,37,12,32,35,31,17.77778,12.5
1189,-28,-1,-6,-12,-12,1,-18,-33,-10.10101,-11
1190,-10,-1,2,-12,-5,12,-8,-3,0,-6.5
1191,3,-1,-10,-4,-15,-26,-10,-14,-10,-6.5
1192,2,-1,2,4,16,-7,-5,12,-7.77778,-3
1193,4,-1,23,19,5,36,20,38,10,9
1194,55,-1,88,85,85,93,85,93,77.77778,29
1195,-10,-1,-59,-56,-35,-73,-61,-30,-40,-14
1196,-24,-1,21,27,21,38,32,12,20,-3.5
1197,-3,-1,-8,-2,-3,-15,-3,12,-10,-4
1198,-25,-1,62,63,38,68,68,54,50,11
1199,-24,-1,-45,-44,-24,-30,-33,-39,-20,-24
1200,-26,-1,29,32,11,50,46,25,34.54545,-1
1201,3,-1,40,37,25,39,33,18,30,14.5
1202,-31,-1,-74,-83,-63,-61,-83,-61,-50,-25
1203,-21,-1,-30,-27,-10,-22,-23,-46,-15.55556,-12
1204,-4,-1,8,6,11,14,2,22,11.81818,2.5
1205,-5,-1,38,43,33,49,41,34,30,10.5
1206,-15,-1,4,3,2,4,1,2,4.54545,1.5
1207,18,-1,71,72,42,73,72,76,40,22.5
1208,-3,-1,-11,-24,-1,-7,-19,-2,0,-5
1209,-3,-1,-6,-4,-26,-16,-10,-32,-24.54545,-5.5
1210,-37,-1,-9,-27,8,-8,-26,-16,-10,-14
1211,-32,-1,-36,-30,-42,-18,-24,-41,0,-10.5
1212,27,-1,18,14,15,14,10,12,10,4
1213,-28,-1,-49,-54,-32,-46,-57,-54,-30,-23
1214,8,-1,-30,-20,4,-63,-36,-16,-54.54545,-4.5
1215,31,-1,-24,-18,-17,-28,-22,-24,-20,0
1216,-32,-1,28,25,18,52,31,28,30,1.5
1217,-4,-1,-59,-61,-57,-49,-61,-63,-36.36364,-20
1218,27,0,-2,-4,-1,5,-4,2,0,-7
1219,-10,-1,-5,-11,7,-2,-11,-5,-6.36364,-6.5
1220,16,0,11,11,11,10,12,8,15.90909,8
1221,-55,-1,-81,-76,-67,-71,-74,-83,-43.63636,-31
1222,-1,0,-12,-34,-26,-20,-29,-5,-6.06061,-5.5
1223,-14,0,48,43,46,44,38,8,18.18182,5
1224,-20,0,-8,-6,-7,-4,2,2,0,3
1225,-6,0,35,43,45,15,32,37,-3.0303,9
1226,-18,0,-4,-12,-25,-10,-16,-21,-27.27273,-3
1227,24,0,9,7,2,6,5,6,2.27273,6.5
1228,4,0,26,31,34,21,31,36,27.27273,11
1229,-7,0,5,-4,28,6,7,17,0,3
1230,-10,0,-7,7,-13,-18,-1,5,-27.27273,3
1231,42,0,4,5,3,-4,9,18,0,-2.5
1232,-3,0,14,15,29,3,12,6,-11.36364,2
1233,-34,0,-13,-7,-1,12,-3,-32,18.18182,-8
1234,-6,0,-14,-15,-33,-5,-15,-18,0,-6
1235,-4,0,9,14,11,3,13,-1,0,3
1236,2,0,-2,-11,15,5,-12,-9,0,-4
1237,-1,0,3,3,5,2,2,2,1.51515,1
1238,21,0,-21,-16,-10,-19,-17,-31,-5.59441,-6
1239,-3,0,-1,-3,-3,-4,-3,-4,-6.81818,2
1240,3,0,-15,-19,-10,-8,-20,-10,0,-5
1241,-15,0,-1,-6,2,4,-7,-12,6.06061,-5
1242,-8,0,-16,-20,-15,-8,-22,-20,-9.09091,-14
1243,10,0,2,2,4,3,2,3,9.84848,4
1244,17,0,1,1,1,1,1,1,0,5.5
1245,17,-1,46,50,55,30,42,67,25,7
1246,-22,-1,-54,-62,-41,-45,-60,-49,-25,-22
1247,29,-1,24,32,10,41,26,17,50,9
1248,-19,-1,-24,-30,3,-39,-46,-6,-25,-14
1249,14,-1,90,85,70,90,89,85,100,17.5
1250,10,-1,-24,-20,-22,-19,-21,-14,5,-7
1251,-17,-1,6,11,11,-6,11,-2,-50,-1
1252,-21,-1,-43,-32,-41,-40,-36,-37,-20,-20
1253,-12,-1,-17,-3,-41,-48,-31,-38,-50,-14.5
1254,1,-1,-11,-7,-32,-5,-8,-21,-5,-11
1255,13,-1,11,23,-8,-29,8,3,10,-3.5
1256,-42,-1,-82,-83,-78,-69,-82,-69,-50,-42.5
1257,3,-1,1,1,-5,-21,3,9,-10,-5
1258,12,-1,23,30,18,36,50,33,5,10
1259,-11,-1,-22,-12,19,-47,-12,20,-50,0
1260,23,-1,-14,-40,-14,-11,-26,-12,0,-2.5
1261,38,-1,11,17,23,-7,24,39,0,3.5
1262,-7,-1,-3,-14,-8,-6,-22,-53,10,-9.5
1263,-7,-1,-17,-42,1,-23,-27,-8,15,-6
1264,7,-1,7,3,19,-15,-2,26,0,14.5
1265,-12,-1,10,5,-3,2,-2,-1,-5,-12.5
1266,30,-1,41,52,39,30,45,50,-6.66667,13.5
1267,-35,-1,22,19,-12,30,-11,12,35,-6
1268,7,-1,60,34,49,83,63,84,80,8.5
1269,-23,-1,6,24,-12,26,3,-3,20,-7
1270,-3,-1,-11,-27,-4,10,3,16,30,-6
1271,16,-1,52,21,41,34,50,27,35,7
1272,-42,-1,-73,-76,-60,-65,-53,-33,-55,-15
1273,-7,-1,30,29,23,25,22,27,20,11.5
1274,-24,-1,-34,-58,-56,-12,-31,-54,-40,-32
1275,8,-1,-17,-6,-20,-24,-23,-11,-60,-7.5
1276,-21,-1,-81,-78,-59,-82,-81,-50,-80,-37
1277,-2,-1,-17,-33,-31,-13,-19,-48,0,-10
1278,19,-1,31,5,16,47,24,11,35,-3.5
1279,41,-1,85,84,79,90,93,88,60,36.5
1280,-31,-1,1,2,-23,-4,-2,-14,-10,-8
1281,-7,-1,-10,-29,2,-37,-15,6,-50,-3
1282,22,-1,37,29,47,25,16,48,40,13.5
1283,7,-1,26,46,7,34,17,2,40,1
1284,10,-1,50,49,79,13,36,52,0,17
1285,-19,-1,44,51,13,38,15,22,25,-7
1286,-7,-1,-3,-21,-2,-13,-4,14,-40,-6
1287,-3,-1,-17,-24,11,-32,-30,-7,-15,6.5
1288,-5,-1,-56,-70,-30,-40,-40,-46,-40,-14
1289,-5,-1,-48,-60,-5,-64,-56,-24,-55,-9.5
1290,19,-1,10,14,2,5,1,5,0,-3
1291,3,-1,5,3,-5,-11,-17,8,-40,-4
1292,-27,-1,-9,-15,-30,-32,-39,-24,-16.66667,-10
1293,24,-1,14,5,8,5,1,15,0,5
1294,-41,-1,-60,-58,-50,-52,-81,-45,-30,-21
1295,30,-1,90,71,77,84,74,70,75,25
1296,3,-1,3,2,-6,9,-2,-4,40,-5
1297,-14,-1,-2,-5,-6,25,-8,23,43.33333,-5.5
1298,-31,-1,-34,-39,-38,-28,-41,-41,-2.85714,-18.5
1299,21,-1,28,30,32,27,34,29,16.66667,8
1300,13,-1,65,69,28,79,59,52,83.33333,7.5
1301,-2,-1,24,23,6,31,14,11,50,4
1302,-21,-1,-46,-43,-34,-57,-40,-26,-63.33333,-19.5
1303,-8,-1,-5,7,-19,-21,-6,-6,-30,-10
1304,22,-1,40,38,61,32,35,56,50,22
1305,-8,-1,20,17,-13,32,13,-13,20,-9
1306,-10,-1,24,26,9,38,36,32,60,10.5
1307,-18,-1,-7,-2,-17,-7,1,-10,0,-10.5
1308,-48,-1,-56,-66,-55,-79,-61,-55,-50,-26.5
1309,19,-1,42,39,56,25,41,43,21.42857,17
1310,-3,-1,-27,-34,-44,-17,-21,-28,-10,-10.5
1311,-1,-1,3,6,-42,11,-3,-13,20,-9.5
1312,-10,-1,-7,-8,-15,6,-14,-11,-16.66667,-10.5
1313,-8,-1,-1,10,14,-3,-8,4,-40,-8
1314,12,-1,47,55,8,49,45,37,50,4
1315,-7,-1,-1,-5,-11,10,4,11,10,-3
1316,-41,-1,-57,-48,-53,-79,-71,-52,-50,-34
1317,-35,-1,-73,-72,-59,103,-92,-69,-100,-36
1318,3,-1,-18,-15,-25,-3,-18,-24,6.66667,-9.5
1319,-6,-1,-45,-18,-38,-41,-48,-19,-50,-17
1320,11,-1,76,63,56,84,74,63,63.33333,19
1321,6,-1,41,47,47,57,58,64,26.66667,14
1322,-30,-1,-53,-54,-73,-47,-62,-46,-40,-38.5
1323,-14,-1,-23,-19,-44,-22,-30,-44,-40,-16.5
1324,-32,-1,-32,-33,-38,-47,-42,-42,-60,-21
1325,-3,-1,-3,-3,-4,-2,-6,-3,0,-10
1326,-18,-1,-19,-17,-8,-20,-20,-12,-30,-8.5
1327,4,-1,-31,-28,-40,-15,-28,-36,0,-21
1328,3,-1,41,36,28,36,37,45,6.66667,5
1329,-7,-1,13,2,14,27,24,18,30,-5.5
1330,28,-1,27,17,25,18,11,27,16.66667,9
1331,24,-1,25,28,47,14,36,47,0,10
1332,17,-1,12,20,44,6,31,47,0,13.5
1333,4,-1,-100,-98,-95,105,-96,-91,-100,-35.5
1334,21,-1,22,22,42,38,41,33,43.33333,7
1335,-4,-1,60,59,18,71,40,23,63.33333,-2.5
1336,-2,-1,3,-1,-14,9,2,-15,16.66667,-5
1337,-4,-1,28,29,-3,22,8,4,20,-3.5
1338,-25,-1,-77,-87,-74,-84,-92,-75,-80,-27
1339,-3,-1,1,2,13,9,5,-6,20,2.5
1340,10,-1,13,6,7,32,24,9,6.66667,0
1341,34,-1,72,77,67,81,79,82,66.66667,21.5
1342,3,-1,64,54,51,73,66,55,80,21
1343,-6,-1,-24,-25,-22,-17,-24,-21,-16.66667,-15.5
1344,21,-1,59,44,61,65,48,68,50,11
1345,-17,-1,-35,-42,-39,-32,-35,-48,-33.33333,-17.5
1346,-13,-1,-33,-28,-70,-43,-57,-55,-23.80952,-25.5
1347,-3,-1,-63,-56,-73,-62,-67,-63,-46.66667,-25
1348,-32,-1,-66,-67,-58,-92,-85,-66,-85.71429,-30
1349,-10,-1,-21,-27,-30,-28,-19,-16,-33.33333,-17.5
1350,32,-1,68,60,56,72,72,47,66.66667,28
1351,-5,-1,-29,-24,-12,-30,-26,-9,-14.28571,-2.5
1352,-16,-1,51,43,48,73,51,44,57.14286,7
1353,-34,-1,-16,-31,-36,1,-12,-41,16.66667,-10
1354,27,-1,5,12,10,6,7,3,2.38095,13
1355,2,-1,3,-4,10,9,12,15,11.90476,1.5
1356,22,-1,-7,-18,8,-6,-20,-6,-16.66667,7
1357,-33,-1,-57,-63,-51,-54,-59,-74,-14.28571,-24
1358,-11,-1,-12,-6,-11,-16,-28,-34,-16.66667,-14
1359,-45,-1,-60,-55,-67,-68,-75,-59,-66.66667,-34
1360,-21,-1,-29,-32,-20,-33,-35,-31,-16.66667,-20.5
1361,-15,-1,14,17,-6,24,-5,-4,33.33333,-7.5
1362,-38,-1,-89,-91,-89,-87,-88,-85,-52.38095,-33.5
1363,-3,-1,-32,-40,-33,-39,-30,-45,-26.19048,-13
1364,3,-1,-11,-14,5,-18,-19,-3,-20,-4
1365,41,-1,64,53,47,85,74,59,83.33333,14
1366,-1,-1,15,15,37,9,22,24,0,7.5
1367,-35,-1,-9,-16,2,6,-4,7,33.33333,-7.5
1368,-7,-1,-5,-11,-23,-12,-15,-25,-2.38095,-19
1369,1,-1,-48,-47,-29,-35,-25,-10,-16.66667,-14
1370,-3,-1,-24,-31,-44,-30,-33,-48,-28.57143,-20
1371,10,-1,13,10,15,7,12,6,28.57143,6.5
1372,7,-1,11,7,33,-13,12,33,-10,4.5
1373,-10,-1,-3,-8,-20,-1,-8,-27,-16.66667,-10.5
1374,12,-1,2,1,-4,-9,-4,-10,-11.90476,-10
1375,26,-1,88,78,66,95,85,69,71.42857,29
1376,-15,-1,10,2,-22,2,-11,-22,0,-8.5
1377,-1,-1,-26,-25,-40,-15,-28,-49,-9.52381,-17
1378,-10,-1,-39,-26,-18,-58,-43,-23,-50,-7.5
1379,-3,-1,-10,-12,-36,3,-1,-45,-14.28571,-18
1380,-3,-1,15,15,36,18,31,14,14.28571,6.5
1381,-4,-1,-7,-13,-15,-5,-6,-11,-11.90476,-7
1382,-21,-1,-26,-16,-17,-12,-30,-12,-8.33333,-13.5
1383,-7,-1,-11,-8,-19,-13,-19,-25,0,-9
1384,-26,-1,17,1,-14,30,21,-11,16.66667,-10.5
1385,7,-1,36,25,30,35,37,34,7.14286,5
1386,28,-1,47,57,70,56,58,50,50,19
1387,12,-1,25,26,28,24,26,26,33.33333,14
1388,-1,-1,-6,-8,13,-10,-8,15,16.66667,2.5
1389,-14,-1,-26,-20,18,-19,-22,9,-42.85714,-1
1390,41,-1,69,56,65,69,52,62,50,21
1391,-2,-1,9,3,22,23,19,20,7.14286,4
1392,31,-1,59,53,45,58,56,56,57.14286,6.5
1393,-13,-1,-1,3,-11,10,7,-13,-5.35714,-10
1394,-1,-1,-2,2,3,-8,-7,-4,-14.28571,-2
1395,-6,-1,9,14,3,4,-1,5,0,-2.5
1396,10,-1,-2,-2,18,-8,-5,11,0,6
1397,3,-1,33,36,8,47,27,10,71.42857,4
1398,-16,-1,1,-1,-26,7,-6,-17,23.21429,-12
1399,-24,-1,-13,-2,-35,-44,-37,-18,-54.7619,-14.5
1400,-18,-1,-30,-26,-47,-20,-27,-47,-23.80952,-15.5
1401,1,-1,21,17,20,23,25,24,7.14286,2
1402,-12,-1,47,44,44,62,50,47,49.20635,10
1403,-3,-1,52,41,16,52,42,25,35.71429,4
1404,31,-1,13,7,7,7,5,8,0,11.5
1405,8,-1,25,37,34,14,24,37,-8.92857,5.5
1406,17,-1,75,71,70,78,83,79,42.85714,13
1407,-17,-1,-21,-33,-16,-29,-23,-13,-28.57143,-15.5
1408,3,-1,8,1,-9,-17,-7,-1,-28.57143,-6
1409,18,-1,4,15,15,17,6,37,33.92857,3
1410,-27,-1,-83,-81,-83,-84,-83,-94,-58.33333,-33.5
1411,-22,-1,-41,-48,-41,-29,-32,-53,-12.5,-14
1412,-3,-1,-14,-9,-3,-3,-7,9,0,-7
1413,48,-1,40,42,48,61,48,46,62.5,27
1414,-6,-1,28,45,33,5,25,47,-14.28571,10
1415,-52,-1,-86,-72,-90,-85,-89,-88,-85.71429,-37
1416,-21,-1,31,42,45,59,46,46,71.42857,11.5
1417,5,-1,3,3,14,8,21,22,14.28571,12.5
1418,2,-1,7,5,-4,-6,9,13,-3.57143,-1.5
1419,-26,-1,-53,-62,-38,-49,-46,-40,-37.5,-27
1420,7,-1,48,54,31,59,53,32,32.14286,4.5
1421,-24,-1,-38,-34,-14,-43,-45,-33,-17.85714,-10
1422,-14,-1,-48,-41,-38,-56,-40,-52,-57.14286,-10
1423,31,-1,62,50,45,61,55,48,57.14286,24
1424,-35,-1,6,6,4,3,1,13,-1.78571,-2
1425,-17,-1,-55,-51,-51,-56,-66,-52,-33.33333,-24
1426,-24,-1,-62,-48,-42,-47,-31,-36,-48.21429,-20
1427,-10,-1,6,15,11,-4,-1,34,0,3
1428,-4,-1,-86,-80,-61,-91,-77,-56,-85.71429,-28.5
1429,-11,-1,-21,-10,-1,-34,-33,2,-28.57143,3
1430,35,-1,95,97,73,101,90,77,87.5,17
1431,4,-1,-9,-9,-15,-16,-20,-27,-16.07143,-16.5
1432,11,-1,31,22,32,47,37,32,44.64286,5
1433,13,-1,46,39,34,38,48,35,33.92857,13.5
1434,4,-1,20,32,9,15,13,6,28.57143,4
1435,32,-1,20,15,13,4,17,13,19.64286,7
1436,3,-1,-31,-26,8,-44,-26,12,-30.35714,-4.5
1437,21,-1,58,64,55,44,53,55,42.85714,12
1438,-23,-1,-12,-11,1,4,-1,-3,8.92857,-6.5
1439,-14,-1,-14,-15,-8,-14,-11,-16,-19.04762,-4
1440,25,-1,15,13,9,38,27,20,50,16.5
1441,7,-1,20,6,10,20,23,8,28.57143,3.5
1442,3,-1,61,64,32,72,67,54,52.77778,7.5
1443,7,-1,13,9,34,-11,-8,34,0,5.5
1444,-12,-1,22,10,3,32,22,-6,4.16667,-3
1445,4,-1,16,21,19,26,19,27,34.44444,10.5
1446,-32,-1,-29,-38,-29,-31,-26,-25,-22.22222,-8.5
1447,-4,-1,-12,-11,-18,-5,-8,-21,0,-9.5
1448,-23,-1,-77,-73,-52,-73,-79,-46,-66.66667,-31.5
1449,8,-1,13,16,-16,29,7,-2,8.33333,1.5
1450,-29,-1,24,23,15,14,19,31,-15.55556,2
1451,17,-1,40,31,40,45,43,41,36.66667,10.5
1452,-3,-1,-40,-30,-23,-35,-37,-20,-11.11111,-13
1453,22,-1,39,34,25,25,28,20,23.63636,3.5
1454,-3,-1,-9,-10,-5,-4,-11,-9,-11.11111,-8.5
1455,17,-1,73,77,62,76,72,65,56.66667,28
1456,11,-1,19,30,11,30,30,9,41.66667,6
1457,-39,-1,-37,-45,-47,-29,-40,-40,-33.33333,-28
1458,-1,-1,53,48,31,38,46,33,33.33333,10
1459,-29,-1,-43,-36,-43,-50,-47,-35,-44.44444,-16.5
1460,-56,-1,-72,-63,-58,-88,-78,-65,-88.88889,-34.5
1461,-24,-1,-66,-72,-71,-45,-60,-70,-22.22222,-37
1462,-4,-1,5,2,9,29,12,5,14.44444,5
1463,18,-1,7,10,29,3,1,33,0,3
1464,17,-1,-22,-22,-21,-32,-35,-21,-22.22222,-9
1465,-42,-1,-57,-52,-49,-54,-52,-53,-33.33333,-18.5
1466,35,-1,79,70,75,65,62,67,49.20635,23.5
1467,-1,-1,11,8,4,26,8,13,11.11111,-3
1468,-3,-1,-7,-4,-15,-11,-14,-11,-12.22222,-6
1469,-10,-1,-4,-6,-11,-7,-4,-6,-20,-11
1470,-22,-1,-40,-33,-25,-44,-43,-34,-44.44444,-16
1471,-4,-1,-20,-25,-15,-27,-28,-33,-33.33333,-16
1472,-17,-1,-44,-48,-32,-32,-30,-29,-27.77778,-10
1473,-1,-1,14,11,-11,13,6,-18,2.22222,-7.5
1474,-16,-1,-15,-20,-12,-11,-20,-9,-11.11111,-17
1475,-31,-1,-81,-68,-57,-69,-77,-73,-55,-24
1476,30,-1,65,66,72,77,63,69,50,20.5
1477,31,-1,74,67,62,67,66,74,55.55556,25.5
1478,12,-1,-1,-9,-15,2,-11,-8,11.11111,-4
1479,1,-1,20,23,27,9,15,12,4.44444,2.5
1480,28,-1,20,29,16,31,26,20,15.55556,5
1481,-19,-1,-90,-91,-68,-92,-81,-83,-77.77778,-32
1482,-7,-1,17,17,14,22,24,17,11.11111,2.5
1483,10,-1,23,16,14,30,24,21,11.11111,5.5
1484,14,-1,56,56,61,72,60,56,75,16
1485,12,-1,27,24,25,32,22,18,44.44444,6.5
1486,34,-1,49,43,32,45,45,37,36.66667,11
1487,-38,-1,-61,-72,-39,-57,-49,-44,-44.44444,-22
1488,-2,-1,2,-6,2,13,-13,11,25,-4.5
1489,-10,-1,13,13,-9,30,20,-7,22.22222,-7
1490,14,-1,38,36,54,16,17,46,6.94444,20.5
1491,-17,-1,20,25,25,12,8,16,22.22222,-3
1492,-28,-1,-67,-63,-71,-70,-63,-63,-52.77778,-23
1493,-1,-1,28,24,19,36,23,8,22.22222,3
1494,-12,-1,-23,-23,-25,-37,-30,-32,-37.77778,-10
1495,-14,-1,-17,-11,-7,-23,-14,4,-30,-4
1496,-10,-1,-18,-12,-5,-31,-17,-11,-40,-8
1497,-14,-1,-14,-16,-22,-20,-17,-29,-20,-14
1498,-25,-1,-28,-23,-36,-28,-22,-13,-26.66667,-13.5
1499,11,-1,28,32,15,31,34,33,20,9.5
1500,2,-1,4,10,14,9,4,12,2.72727,-2
1501,44,-1,-5,-2,3,-3,3,2,-26.36364,4
1502,3,-1,19,10,2,26,15,-4,30,-2
1503,-11,-1,-5,1,1,-2,1,-2,-0.90909,-2.5
1504,-28,-1,-51,-52,-56,-70,-65,-52,-70,-16
1505,1,-1,16,15,12,22,17,14,10,2.5
1506,-32,-1,-42,-44,-40,-42,-47,-61,-20,-20.5
1507,-45,-1,-30,-35,-40,-33,-37,-49,-23.63636,-16.5
1508,-42,-1,-10,-13,-13,-18,-9,-21,-10,-7
1509,-3,-1,15,8,22,20,23,27,20,2.5
1510,6,-1,12,14,13,17,15,14,30,13
1511,-38,-1,-24,-17,-20,-24,-21,-17,-30,-11
1512,-3,-1,-22,-14,-22,-39,-24,-8,-44.44444,-3
1513,6,-1,59,56,52,67,62,64,50,15.5
1514,-15,-1,-11,-12,-2,-7,1,5,-10,-10
1515,-7,-1,-29,-34,-23,-29,-27,-32,-11.11111,-12
1516,-32,-1,-56,-55,-54,-71,-60,-47,-52.72727,-21.5
1517,-8,-1,-5,-4,4,4,-8,7,10,-2.5
1518,22,-1,11,17,24,15,28,40,4.44444,6.5
1519,14,-1,52,43,34,56,52,24,36.66667,10
1520,26,-1,22,29,31,21,22,18,18.18182,16.5
1521,10,-1,29,23,29,41,31,24,40,23.5
1522,-3,-1,37,36,23,43,42,32,40,9.5
1523,-21,-1,-2,-5,-8,-5,-3,-3,-12.22222,-1.5
1524,-6,-1,-44,-44,-43,-42,-35,-42,-40,-21.5
1525,-40,-1,-50,-52,-49,-32,-25,-53,-27.77778,-28.5
1526,-3,-1,-19,-20,-21,-1,-13,-26,-3.63636,-14
1527,-9,-1,-8,-6,-11,9,9,-10,-10,-5.5
1528,-17,-1,-10,-11,-12,-16,-13,-1,-30,-6
1529,13,-1,20,25,19,10,16,17,3.0303,4
1530,27,-1,37,35,28,26,32,18,0,10
1531,7,-1,-29,-32,-16,-36,-23,-11,-30,-7
1532,31,-1,82,77,64,69,67,67,46.66667,27.5
1533,23,-1,46,45,28,53,44,33,50,7
1534,-3,-1,25,24,38,30,28,37,30,8
1535,-5,-1,-41,-36,-28,-45,-45,-42,-30,-13.5
1536,-3,-1,46,37,31,68,56,33,50,12
1537,-28,-1,-49,-49,-24,-51,-55,-47,-47.77778,-17.5
1538,7,-1,34,41,46,32,35,37,20,9.5
1539,-35,-1,50,37,46,71,65,49,50,10.5
1540,-33,-1,-35,-39,-26,-48,-41,-13,-45.45455,-12.5
1541,22,-1,13,20,25,10,16,28,10,6
1542,-8,-1,-35,-36,-33,-38,-30,-25,-40.90909,-11.5
1543,-2,-1,-20,-25,-24,-18,-27,-34,-2.72727,-19.5
1544,-27,-1,-23,-23,-25,-38,-29,-17,-40,-6.5
1545,-2,-1,12,8,19,16,14,20,20.90909,2
1546,38,-1,64,56,71,71,62,41,50,15.5
1547,2,-1,-1,-3,-1,-8,-10,13,0,-3
1548,-53,-1,-7,-5,3,-3,-2,5,7.77778,-3.5
1549,31,-1,95,89,102,98,96,99,72.72727,38.5
1550,-23,-1,-22,-19,-1,-18,-6,12,-15.45455,-6.5
1551,3,-1,-31,-22,-4,-24,-16,-4,-20,-2.5
1552,-10,-1,-2,-3,-1,11,5,-11,26.36364,-8.5
1553,41,-1,88,93,65,83,79,75,80,28.5
1554,4,-1,7,-3,8,11,17,3,0,-2.5
1555,-6,-1,-15,-11,-27,-20,-12,-30,-27.27273,-12
1556,7,-1,22,22,19,23,20,22,15.90909,4
1557,4,-1,15,18,15,1,6,19,-10,6
1558,-3,-1,6,7,13,3,3,18,16.66667,17.5
1559,-10,-1,-27,-24,-8,-29,-21,-14,-27.27273,-14.5
1560,-4,-1,34,32,27,36,41,40,30,9.5
1561,7,0,2,1,14,1,23,16,-9.09091,7
1562,-19,0,1,13,13,-19,-8,13,-28.0303,3.5
1563,20,0,9,13,8,19,10,8,37.12121,3.5
1564,8,0,-19,-20,-14,-18,-22,-11,-9.09091,-5.5
1565,3,0,10,14,9,3,10,32,-9.09091,3.5
1566,-31,0,-4,-9,-2,3,8,-8,-9.09091,-5
1567,-3,0,19,22,9,20,24,9,25,13
1568,-23,0,-12,-17,-18,-7,-6,-8,-9.09091,-7
1569,3,0,1,-2,9,6,8,-3,16.66667,-3
1570,-7,0,37,46,43,18,37,39,-9.09091,17
1571,-14,0,-29,-32,-19,-34,-30,-29,-30.76923,-6.5
1572,2,0,-10,-13,-9,-11,-10,-8,-9.09091,-2.5
1573,17,0,-24,-25,-5,-15,-16,-19,-9.09091,-9.5
1574,-9,0,47,39,43,34,46,49,12.12121,16
1575,-14,0,11,13,-3,2,5,5,6.81818,-3
1576,7,0,1,4,11,-5,12,18,0,3
1577,-12,0,-14,-13,-3,-12,-5,-15,-9.09091,-7
1578,-27,0,-22,-16,3,-20,-11,5,-6.06061,-6.5
1579,10,0,1,-1,5,-2,-4,5,6.29371,12.5
1580,7,0,-6,-6,-5,-5,-9,-5,0,-9
1581,21,0,5,8,14,12,15,2,9.09091,7
1582,-7,0,1,-1,-1,-1,1,1,-8.33333,5.5
